Value,Variable definition,Interaction Value,model Name,domain,text1_text2_cos_sim_text-embedding-3-large
Public Art Installations,"['Urban Aesthetics', 'Community Engagement']",True,llama3-70b,urban studies,0.421
Urban Renewal Projects,"['Urban Development', 'Economic Incentives']",True,llama3-70b,urban studies,0.459
Pedestrian-Friendly Infrastructure,"['Transportation Infrastructure', 'Urban Design']",True,llama3-70b,urban studies,0.48
Disaster-Prone Areas,"['Environmental Risks', 'Emergency Response']",True,llama3-70b,urban studies,0.409
Mixed-Use Development,"['Urban Planning', 'Economic Activity']",True,llama3-70b,urban studies,0.301
Innovation Hubs,"['Economic Activity', 'Education and Research']",True,llama3-70b,urban studies,0.303
Food Deserts,"['Food Access', 'Neighborhood Characteristics']",True,llama3-70b,urban studies,0.485
Public Transportation Hubs,"['Urban Density', 'Transportation Infrastructure']",True,llama3-70b,urban studies,0.462
Cultural Heritage Sites,"['Urban History', 'Tourism']",True,llama3-70b,urban studies,0.339
Green Spaces,"['Urban Ecology', 'Land Use']",True,llama3-70b,urban studies,0.445
Public Art Installations,"['Urban Density', 'Transportation Infrastructure']",False,llama3-70b,urban studies,0.208
Urban Renewal Projects,"['Environmental Risks', 'Emergency Response']",False,llama3-70b,urban studies,0.195
Pedestrian-Friendly Infrastructure,"['Environmental Risks', 'Emergency Response']",False,llama3-70b,urban studies,0.166
Disaster-Prone Areas,"['Urban History', 'Tourism']",False,llama3-70b,urban studies,0.193
Mixed-Use Development,"['Urban Density', 'Transportation Infrastructure']",False,llama3-70b,urban studies,0.28
Innovation Hubs,"['Environmental Risks', 'Emergency Response']",False,llama3-70b,urban studies,0.17
Food Deserts,"['Urban Ecology', 'Land Use']",False,llama3-70b,urban studies,0.259
Pedestrian-Friendly Infrastructure,"['Food Access', 'Neighborhood Characteristics']",False,llama3-70b,urban studies,0.332
Public Transportation Hubs,"['Urban Development', 'Economic Incentives']",False,llama3-70b,urban studies,0.303
Mixed-Use Development,"['Urban Aesthetics', 'Community Engagement']",False,llama3-70b,urban studies,0.308
Gravitational Wave,"['Type of Gravitational Phenomenon', 'Ripple in Space-Time']",True,llama3-70b,physics,0.571
Cosmic Microwave Background,"['Type of Cosmic Radiation', 'Evidence of the Big Bang']",True,llama3-70b,physics,0.504
Thermal Expansion,"['Type of Material Deformation', 'Response to Temperature Change']",True,llama3-70b,physics,0.485
Electromagnetic Pulse,"['Type of Radiation', 'Form of Electromagnetic Radiation']",True,llama3-70b,physics,0.339
Magnetic Field Line,"['Type of Magnetic Structure', 'Path of Magnetic Force']",True,llama3-70b,physics,0.534
Gravitational Redshift,"['Gravitational Effect', 'Type of Redshift']",True,llama3-70b,physics,0.661
Nuclear Reaction,"['Type of Subatomic Interaction', 'Process of Nuclear Change']",True,llama3-70b,physics,0.494
Optical Fiber,"['Type of Communication Medium', 'Method of Data Transmission']",True,llama3-70b,physics,0.311
Quantum Fluctuation,"['Type of Random Variation', 'Source of Uncertainty']",True,llama3-70b,physics,0.328
Electromagnetic Induction,"['Type of Electromagnetic Phenomenon', 'Method of Generating Electricity']",True,llama3-70b,physics,0.5
Gravitational Wave,"['Type of Communication Medium', 'Method of Data Transmission']",False,llama3-70b,physics,0.117
Cosmic Microwave Background,"['Type of Random Variation', 'Source of Uncertainty']",False,llama3-70b,physics,0.16
Thermal Expansion,"['Type of Subatomic Interaction', 'Process of Nuclear Change']",False,llama3-70b,physics,0.193
Thermal Expansion,"['Type of Radiation', 'Form of Electromagnetic Radiation']",False,llama3-70b,physics,0.224
Electromagnetic Pulse,"['Type of Electromagnetic Phenomenon', 'Method of Generating Electricity']",False,llama3-70b,physics,0.391
Magnetic Field Line,"['Type of Gravitational Phenomenon', 'Ripple in Space-Time']",False,llama3-70b,physics,0.294
Gravitational Redshift,"['Type of Cosmic Radiation', 'Evidence of the Big Bang']",False,llama3-70b,physics,0.278
Gravitational Redshift,"['Type of Random Variation', 'Source of Uncertainty']",False,llama3-70b,physics,0.123
Nuclear Reaction,"['Type of Gravitational Phenomenon', 'Ripple in Space-Time']",False,llama3-70b,physics,0.225
Optical Fiber,"['Type of Gravitational Phenomenon', 'Ripple in Space-Time']",False,llama3-70b,physics,0.166
Nutrient Deficiency,"['Dietary Intake', 'Nutrient Status']",True,llama3-70b,health,0.45
Social Isolation,"['Social Connections', 'Emotional Support']",True,llama3-70b,health,0.411
Medication Non-Adherence,"['Medication Compliance', 'Treatment Efficacy']",True,llama3-70b,health,0.525
Chronic Stress,"['Mental Health Status', 'Coping Mechanisms']",True,llama3-70b,health,0.35
Cognitive Impairment,"['Cognitive Function', 'Neurological Status']",True,llama3-70b,health,0.482
Sedentary Lifestyle,"['Physical Activity Level', 'Lifestyle Habits']",True,llama3-70b,health,0.458
Environmental Toxins Exposure,"['Environmental Exposure', 'Toxicant Levels']",True,llama3-70b,health,0.703
Cardiovascular Disease Diagnosis,"['Disease Status', 'Cardiovascular Health']",True,llama3-70b,health,0.457
Sleep Disturbances,"['Sleep Quality', 'Circadian Rhythms']",True,llama3-70b,health,0.482
Infectious Disease Outbreak,"['Infection Status', 'Disease Transmission']",True,llama3-70b,health,0.508
Nutrient Deficiency,"['Mental Health Status', 'Coping Mechanisms']",False,llama3-70b,health,0.193
Social Isolation,"['Medication Compliance', 'Treatment Efficacy']",False,llama3-70b,health,0.116
Medication Non-Adherence,"['Environmental Exposure', 'Toxicant Levels']",False,llama3-70b,health,0.207
Chronic Stress,"['Sleep Quality', 'Circadian Rhythms']",False,llama3-70b,health,0.279
Nutrient Deficiency,"['Infection Status', 'Disease Transmission']",False,llama3-70b,health,0.208
Cognitive Impairment,"['Dietary Intake', 'Nutrient Status']",False,llama3-70b,health,0.214
Sedentary Lifestyle,"['Sleep Quality', 'Circadian Rhythms']",False,llama3-70b,health,0.245
Environmental Toxins Exposure,"['Sleep Quality', 'Circadian Rhythms']",False,llama3-70b,health,0.196
Nutrient Deficiency,"['Environmental Exposure', 'Toxicant Levels']",False,llama3-70b,health,0.266
Medication Non-Adherence,"['Mental Health Status', 'Coping Mechanisms']",False,llama3-70b,health,0.261
Titanium Nitride Barrier Layer,"['Barrier Layer Material', 'Diffusion Barrier Application']",True,llama3-70b,semiconductor manufacturing,0.544
Tungsten Via Fill,"['Via Fill Material', 'Via Fill Method']",True,llama3-70b,semiconductor manufacturing,0.63
Plasma Enhanced Chemical Vapor Deposition,"['Dielectric Material Deposition Method', 'Dielectric Material']",True,llama3-70b,semiconductor manufacturing,0.458
Laser Annealing,"['Dopant Activation Method', 'Thermal Budget Control']",True,llama3-70b,semiconductor manufacturing,0.402
Chemical Mechanical Polishing,"['Wafer Planarization Method', 'Material Removal Technique']",True,llama3-70b,semiconductor manufacturing,0.478
Gate Oxide Formation,"['Gate Dielectric Material', 'Gate Oxide Formation Method']",True,llama3-70b,semiconductor manufacturing,0.559
Wafer Edge Bead Removal,"['Wafer Edge Treatment', 'Defect Reduction Method']",True,llama3-70b,semiconductor manufacturing,0.611
Photoresist Strip and Clean,"['Photoresist Removal Method', 'Wafer Cleaning Method']",True,llama3-70b,semiconductor manufacturing,0.589
Copper Interconnect Fabrication,"['Interconnect Material', 'Interconnect Fabrication Method']",True,llama3-70b,semiconductor manufacturing,0.563
Rapid Thermal Annealing,"['Dopant Activation Method', 'Thermal Budget Control']",True,llama3-70b,semiconductor manufacturing,0.438
Titanium Nitride Barrier Layer,"['Gate Dielectric Material', 'Gate Oxide Formation Method']",False,llama3-70b,semiconductor manufacturing,0.382
Tungsten Via Fill,"['Dopant Activation Method', 'Thermal Budget Control']",False,llama3-70b,semiconductor manufacturing,0.318
Plasma Enhanced Chemical Vapor Deposition,"['Interconnect Material', 'Interconnect Fabrication Method']",False,llama3-70b,semiconductor manufacturing,0.292
Plasma Enhanced Chemical Vapor Deposition,"['Via Fill Material', 'Via Fill Method']",False,llama3-70b,semiconductor manufacturing,0.239
Laser Annealing,"['Via Fill Material', 'Via Fill Method']",False,llama3-70b,semiconductor manufacturing,0.213
Chemical Mechanical Polishing,"['Barrier Layer Material', 'Diffusion Barrier Application']",False,llama3-70b,semiconductor manufacturing,0.297
Gate Oxide Formation,"['Barrier Layer Material', 'Diffusion Barrier Application']",False,llama3-70b,semiconductor manufacturing,0.325
Gate Oxide Formation,"['Dielectric Material Deposition Method', 'Dielectric Material']",False,llama3-70b,semiconductor manufacturing,0.305
Laser Annealing,"['Photoresist Removal Method', 'Wafer Cleaning Method']",False,llama3-70b,semiconductor manufacturing,0.303
Plasma Enhanced Chemical Vapor Deposition,"['Gate Dielectric Material', 'Gate Oxide Formation Method']",False,llama3-70b,semiconductor manufacturing,0.348
Natural Language Processing Algorithm,"['Algorithm Type', 'Algorithm Application']",True,llama3-70b,computer science,0.342
Cloud-Based Data Storage,"['Data Storage Location', 'Data Storage Type']",True,llama3-70b,computer science,0.443
Real-Time Data Analytics,"['Data Analytics Speed', 'Data Analytics Type']",True,llama3-70b,computer science,0.521
Artificial Intelligence Decision Support,"['Decision Support Method', 'Decision Support Type']",True,llama3-70b,computer science,0.553
Real-Time Data Processing,"['Data Processing Speed', 'Data Processing Type']",True,llama3-70b,computer science,0.471
High-Performance Computing Cluster,"['Computing System Type', 'Computing System Architecture']",True,llama3-70b,computer science,0.309
Cybersecurity Threat Detection,"['Threat Detection Method', 'Threat Detection Type']",True,llama3-70b,computer science,0.567
Cloud-Based Software Development,"['Software Development Environment', 'Software Development Method']",True,llama3-70b,computer science,0.455
Distributed Database System,"['Database System Type', 'Database System Architecture']",True,llama3-70b,computer science,0.408
Machine Learning Model Training,"['Model Training Method', 'Model Training Type']",True,llama3-70b,computer science,0.56
Natural Language Processing Algorithm,"['Data Analytics Speed', 'Data Analytics Type']",False,llama3-70b,computer science,0.213
Cloud-Based Data Storage,"['Database System Type', 'Database System Architecture']",False,llama3-70b,computer science,0.21
Artificial Intelligence Decision Support,"['Data Storage Location', 'Data Storage Type']",False,llama3-70b,computer science,0.2
Real-Time Data Processing,"['Threat Detection Method', 'Threat Detection Type']",False,llama3-70b,computer science,0.209
High-Performance Computing Cluster,"['Database System Type', 'Database System Architecture']",False,llama3-70b,computer science,0.245
Cybersecurity Threat Detection,"['Data Processing Speed', 'Data Processing Type']",False,llama3-70b,computer science,0.219
Cloud-Based Data Storage,"['Data Analytics Speed', 'Data Analytics Type']",False,llama3-70b,computer science,0.242
Cloud-Based Software Development,"['Data Processing Speed', 'Data Processing Type']",False,llama3-70b,computer science,0.151
Cybersecurity Threat Detection,"['Model Training Method', 'Model Training Type']",False,llama3-70b,computer science,0.165
Artificial Intelligence Decision Support,"['Model Training Method', 'Model Training Type']",False,llama3-70b,computer science,0.244
Community Volunteering,"['Civic Engagement', 'Social Capital']",True,llama3-70b,sociology,0.391
Cultural Festivals,"['Cultural Identity', 'Social Integration']",True,llama3-70b,sociology,0.385
Youth Mentorship,"['Social Support', 'Human Capital']",True,llama3-70b,sociology,0.286
Neighborhood Revitalization,"['Urban Development', 'Community Empowerment']",True,llama3-70b,sociology,0.377
Community Arts,"['Cultural Expression', 'Social Cohesion']",True,llama3-70b,sociology,0.435
Faith-Based Organizations,"['Religious Identity', 'Social Services']",True,llama3-70b,sociology,0.39
Intergenerational Programs,"['Intergenerational Relationships', 'Social Learning']",True,llama3-70b,sociology,0.535
Family Reunions,"['Family Structure', 'Social Bonding']",True,llama3-70b,sociology,0.342
Environmental Activism,"['Environmental Awareness', 'Collective Action']",True,llama3-70b,sociology,0.571
Neighborhood Watch,"['Community Cohesion', 'Crime Prevention']",True,llama3-70b,sociology,0.369
Community Volunteering,"['Religious Identity', 'Social Services']",False,llama3-70b,sociology,0.285
Cultural Festivals,"['Intergenerational Relationships', 'Social Learning']",False,llama3-70b,sociology,0.204
Cultural Festivals,"['Civic Engagement', 'Social Capital']",False,llama3-70b,sociology,0.217
Youth Mentorship,"['Cultural Expression', 'Social Cohesion']",False,llama3-70b,sociology,0.244
Neighborhood Revitalization,"['Intergenerational Relationships', 'Social Learning']",False,llama3-70b,sociology,0.19
Community Arts,"['Urban Development', 'Community Empowerment']",False,llama3-70b,sociology,0.376
Cultural Festivals,"['Social Support', 'Human Capital']",False,llama3-70b,sociology,0.166
Faith-Based Organizations,"['Environmental Awareness', 'Collective Action']",False,llama3-70b,sociology,0.226
Community Volunteering,"['Family Structure', 'Social Bonding']",False,llama3-70b,sociology,0.203
Faith-Based Organizations,"['Intergenerational Relationships', 'Social Learning']",False,llama3-70b,sociology,0.171
Neurofeedback Training,"['Brain Function', 'Self-Regulation', 'Cognitive Ability']",True,llama3-70b,psychology,0.389
Social Media Addiction,"['Addictive Behavior', 'Mental Health', 'Coping Mechanism']",True,llama3-70b,psychology,0.394
Cognitive Bias,"['Information Processing', 'Decision Making', 'Error Detection']",True,llama3-70b,psychology,0.323
Emotional Intelligence,"['Self-Awareness', 'Empathy', 'Social Skills']",True,llama3-70b,psychology,0.49
Peer Pressure,"['Social Influence', 'Risk Taking', 'Identity Formation']",True,llama3-70b,psychology,0.452
Traumatic Experience,"['Stress Response', 'Emotional Regulation', 'Memory Formation']",True,llama3-70b,psychology,0.32
Mindfulness Practice,"['Attention Control', 'Emotional Regulation', 'Self-Awareness']",True,llama3-70b,psychology,0.405
Emotional Support,"['Social Connection', 'Stress Reduction', 'Mental Health']",True,llama3-70b,psychology,0.407
Learning Disability,"['Cognitive Ability', 'Academic Achievement', 'Neuroplasticity']",True,llama3-70b,psychology,0.296
Group Therapy,"['Social Support', 'Coping Mechanism', 'Mental Health']",True,llama3-70b,psychology,0.324
Neurofeedback Training,"['Social Connection', 'Stress Reduction', 'Mental Health']",False,llama3-70b,psychology,0.275
Neurofeedback Training,"['Self-Awareness', 'Empathy', 'Social Skills']",False,llama3-70b,psychology,0.273
Neurofeedback Training,"['Social Influence', 'Risk Taking', 'Identity Formation']",False,llama3-70b,psychology,0.158
Social Media Addiction,"['Brain Function', 'Self-Regulation', 'Cognitive Ability']",False,llama3-70b,psychology,0.196
Emotional Intelligence,"['Social Connection', 'Stress Reduction', 'Mental Health']",False,llama3-70b,psychology,0.292
Neurofeedback Training,"['Information Processing', 'Decision Making', 'Error Detection']",False,llama3-70b,psychology,0.281
Peer Pressure,"['Brain Function', 'Self-Regulation', 'Cognitive Ability']",False,llama3-70b,psychology,0.188
Traumatic Experience,"['Attention Control', 'Emotional Regulation', 'Self-Awareness']",False,llama3-70b,psychology,0.244
Traumatic Experience,"['Social Influence', 'Risk Taking', 'Identity Formation']",False,llama3-70b,psychology,0.249
Emotional Intelligence,"['Social Support', 'Coping Mechanism', 'Mental Health']",False,llama3-70b,psychology,0.296
Demographic Shifts,"['Labor Market', 'Consumer Behavior', 'Economic Growth']",True,llama3-70b,finance,0.306
Mergers and Acquisitions,"['Corporate Strategy', 'Financial Performance', 'Market Trends']",True,llama3-70b,finance,0.395
Currency Fluctuations,"['Exchange Rates', 'International Trade', 'Financial Markets']",True,llama3-70b,finance,0.414
Regulatory Changes,"['Compliance Requirements', 'Risk Management', 'Industry Standards']",True,llama3-70b,finance,0.364
Geopolitical Tensions,"['Political Risk', 'International Relations', 'Financial Markets']",True,llama3-70b,finance,0.433
Fiscal Policy Changes,"['Government Spending', 'Taxation', 'Economic Growth']",True,llama3-70b,finance,0.435
Environmental Concerns,"['Sustainability', 'Risk Management', 'Regulatory Requirements']",True,llama3-70b,finance,0.343
Global Economic Downturn,"['Economic Indicators', 'Financial Performance', 'Market Trends']",True,llama3-70b,finance,0.362
Central Bank Intervention,"['Monetary Policy', 'Economic Indicators', 'Financial Markets']",True,llama3-70b,finance,0.351
Technological Disruption,"['Innovation', 'Operational Efficiency', 'Competitive Landscape']",True,llama3-70b,finance,0.371
Demographic Shifts,"['Government Spending', 'Taxation', 'Economic Growth']",False,llama3-70b,finance,0.228
Mergers and Acquisitions,"['Labor Market', 'Consumer Behavior', 'Economic Growth']",False,llama3-70b,finance,0.234
Currency Fluctuations,"['Government Spending', 'Taxation', 'Economic Growth']",False,llama3-70b,finance,0.265
Demographic Shifts,"['Compliance Requirements', 'Risk Management', 'Industry Standards']",False,llama3-70b,finance,0.119
Regulatory Changes,"['Monetary Policy', 'Economic Indicators', 'Financial Markets']",False,llama3-70b,finance,0.262
Regulatory Changes,"['Corporate Strategy', 'Financial Performance', 'Market Trends']",False,llama3-70b,finance,0.236
Fiscal Policy Changes,"['Monetary Policy', 'Economic Indicators', 'Financial Markets']",False,llama3-70b,finance,0.355
Currency Fluctuations,"['Sustainability', 'Risk Management', 'Regulatory Requirements']",False,llama3-70b,finance,0.215
Mergers and Acquisitions,"['Compliance Requirements', 'Risk Management', 'Industry Standards']",False,llama3-70b,finance,0.284
Demographic Shifts,"['Sustainability', 'Risk Management', 'Regulatory Requirements']",False,llama3-70b,finance,0.187
Transit-Oriented Development,"['Urban Planning', 'Transportation']",True,mixtral-8x22b-instruct,urban studies,0.361
Urban Resilience,"['Disaster Risk Reduction', 'Urban Planning']",True,mixtral-8x22b-instruct,urban studies,0.467
Gentrification,"['Neighborhood Change', 'Demographic Shift']",True,mixtral-8x22b-instruct,urban studies,0.43
Smart City Initiatives,"['Urban Governance', 'Technology']",True,mixtral-8x22b-instruct,urban studies,0.467
Green Infrastructure,"['Urban Ecosystem Services', 'Urban Design']",True,mixtral-8x22b-instruct,urban studies,0.415
Urban Agriculture,"['Food Production', 'Land Use']",True,mixtral-8x22b-instruct,urban studies,0.417
Adaptive Reuse,"['Historic Preservation', 'Urban Development']",True,mixtral-8x22b-instruct,urban studies,0.382
Urban Heat Island Effect,"['Urban Climate', 'Land Cover']",True,mixtral-8x22b-instruct,urban studies,0.463
Suburban Sprawl,"['Urbanization Pattern', 'Land Use']",True,mixtral-8x22b-instruct,urban studies,0.397
Mixed-Use Development,"['Land Use', 'Urban Form']",True,mixtral-8x22b-instruct,urban studies,0.377
Transit-Oriented Development,"['Urbanization Pattern', 'Land Use']",False,mixtral-8x22b-instruct,urban studies,0.292
Urban Resilience,"['Urban Climate', 'Land Cover']",False,mixtral-8x22b-instruct,urban studies,0.445
Gentrification,"['Disaster Risk Reduction', 'Urban Planning']",False,mixtral-8x22b-instruct,urban studies,0.186
Smart City Initiatives,"['Urban Climate', 'Land Cover']",False,mixtral-8x22b-instruct,urban studies,0.315
Green Infrastructure,"['Urbanization Pattern', 'Land Use']",False,mixtral-8x22b-instruct,urban studies,0.299
Urban Agriculture,"['Disaster Risk Reduction', 'Urban Planning']",False,mixtral-8x22b-instruct,urban studies,0.295
Urban Agriculture,"['Neighborhood Change', 'Demographic Shift']",False,mixtral-8x22b-instruct,urban studies,0.25
Smart City Initiatives,"['Urban Planning', 'Transportation']",False,mixtral-8x22b-instruct,urban studies,0.352
Adaptive Reuse,"['Urban Climate', 'Land Cover']",False,mixtral-8x22b-instruct,urban studies,0.193
Urban Heat Island Effect,"['Food Production', 'Land Use']",False,mixtral-8x22b-instruct,urban studies,0.178
Wave-particle duality,"['Particle nature', 'Wave nature']",True,mixtral-8x22b-instruct,physics,0.611
Superconductivity,"['Electrical resistance', 'Magnetic field expulsion']",True,mixtral-8x22b-instruct,physics,0.346
Quantum entanglement,"['Particle correlation', 'Measurement outcome']",True,mixtral-8x22b-instruct,physics,0.423
Electromagnetic induction,"['Magnetic field', 'Electric current']",True,mixtral-8x22b-instruct,physics,0.421
Photon absorption and emission,"['Electron energy levels', 'Photon energy']",True,mixtral-8x22b-instruct,physics,0.403
Radioactive decay,"['Nuclear stability', 'Radiation emission']",True,mixtral-8x22b-instruct,physics,0.508
Nuclear fission,"['Nuclear energy', 'Nuclear waste']",True,mixtral-8x22b-instruct,physics,0.384
Phase transitions,"['Intermolecular forces', 'Physical state']",True,mixtral-8x22b-instruct,physics,0.433
Black hole event horizon,"['Gravitational pull', 'Escape velocity']",True,mixtral-8x22b-instruct,physics,0.331
Solar radiation absorption,"['Temperature', 'Energy conversion']",True,mixtral-8x22b-instruct,physics,0.292
Wave-particle duality,"['Magnetic field', 'Electric current']",False,mixtral-8x22b-instruct,physics,0.254
Superconductivity,"['Magnetic field', 'Electric current']",False,mixtral-8x22b-instruct,physics,0.294
Wave-particle duality,"['Particle correlation', 'Measurement outcome']",False,mixtral-8x22b-instruct,physics,0.43
Quantum entanglement,"['Electron energy levels', 'Photon energy']",False,mixtral-8x22b-instruct,physics,0.305
Electromagnetic induction,"['Gravitational pull', 'Escape velocity']",False,mixtral-8x22b-instruct,physics,0.18
Photon absorption and emission,"['Intermolecular forces', 'Physical state']",False,mixtral-8x22b-instruct,physics,0.199
Radioactive decay,"['Intermolecular forces', 'Physical state']",False,mixtral-8x22b-instruct,physics,0.178
Superconductivity,"['Electron energy levels', 'Photon energy']",False,mixtral-8x22b-instruct,physics,0.217
Quantum entanglement,"['Temperature', 'Energy conversion']",False,mixtral-8x22b-instruct,physics,0.162
Nuclear fission,"['Particle nature', 'Wave nature']",False,mixtral-8x22b-instruct,physics,0.219
Sedentary lifestyle and high-salt diet,"['Physical activity level', 'Dietary habits']",True,mixtral-8x22b-instruct,health,0.41
Regular exercise and balanced diet,"['Physical activity level', 'Dietary habits']",True,mixtral-8x22b-instruct,health,0.443
Active social life and mental well-being,"['Social engagement', 'Mental health status']",True,mixtral-8x22b-instruct,health,0.558
Adequate sleep and stress management,"['Sleep duration', 'Stress levels']",True,mixtral-8x22b-instruct,health,0.52
Infrequent medical check-ups and poor medication adherence,"['Healthcare utilization', 'Medication adherence']",True,mixtral-8x22b-instruct,health,0.514
Isolated lifestyle and poor mental health,"['Social engagement', 'Mental health status']",True,mixtral-8x22b-instruct,health,0.419
Inadequate sleep and high stress,"['Sleep duration', 'Stress levels']",True,mixtral-8x22b-instruct,health,0.538
Overweight and poor nutrition,"['Body weight', 'Nutritional status']",True,mixtral-8x22b-instruct,health,0.491
Healthy body weight and balanced nutrition,"['Body weight', 'Nutritional status']",True,mixtral-8x22b-instruct,health,0.554
Regular medical check-ups and medication adherence,"['Healthcare utilization', 'Medication adherence']",True,mixtral-8x22b-instruct,health,0.526
Sedentary lifestyle and high-salt diet,"['Social engagement', 'Mental health status']",False,mixtral-8x22b-instruct,health,0.215
Active social life and mental well-being,"['Healthcare utilization', 'Medication adherence']",False,mixtral-8x22b-instruct,health,0.233
Adequate sleep and stress management,"['Physical activity level', 'Dietary habits']",False,mixtral-8x22b-instruct,health,0.295
Isolated lifestyle and poor mental health,"['Sleep duration', 'Stress levels']",False,mixtral-8x22b-instruct,health,0.23
Regular exercise and balanced diet,"['Sleep duration', 'Stress levels']",False,mixtral-8x22b-instruct,health,0.268
Adequate sleep and stress management,"['Healthcare utilization', 'Medication adherence']",False,mixtral-8x22b-instruct,health,0.266
Inadequate sleep and high stress,"['Social engagement', 'Mental health status']",False,mixtral-8x22b-instruct,health,0.282
Overweight and poor nutrition,"['Body weight', 'Nutritional status']",False,mixtral-8x22b-instruct,health,0.491
Active social life and mental well-being,"['Body weight', 'Nutritional status']",False,mixtral-8x22b-instruct,health,0.202
Regular exercise and balanced diet,"['Physical activity level', 'Dietary habits']",False,mixtral-8x22b-instruct,health,0.443
Thermal oxidation with wet oxygen,"['Oxidation process', 'Oxidation environment']",True,mixtral-8x22b-instruct,semiconductor manufacturing,0.501
Chemical vapor deposition with silane gas,"['Deposition process', 'Deposition gas']",True,mixtral-8x22b-instruct,semiconductor manufacturing,0.46
Photolithography process with 193nm wavelength,"['Lithography process', 'Lithography wavelength']",True,mixtral-8x22b-instruct,semiconductor manufacturing,0.594
Electroplating with copper,"['Plating process', 'Plating material']",True,mixtral-8x22b-instruct,semiconductor manufacturing,0.464
Etching process with fluorine-based plasma,"['Etching process', 'Etching gas']",True,mixtral-8x22b-instruct,semiconductor manufacturing,0.612
Metallization with aluminum,"['Metallization process', 'Metallization material']",True,mixtral-8x22b-instruct,semiconductor manufacturing,0.637
Physical vapor deposition with sputtering,"['Deposition process', 'Deposition method']",True,mixtral-8x22b-instruct,semiconductor manufacturing,0.385
Rapid thermal annealing with inert gas,"['Annealing process', 'Annealing environment']",True,mixtral-8x22b-instruct,semiconductor manufacturing,0.498
Ion implantation with boron ions,"['Ion implantation process', 'Ion implantation species']",True,mixtral-8x22b-instruct,semiconductor manufacturing,0.614
Chemical mechanical planarization with silica slurry,"['Planarization process', 'Planarization slurry']",True,mixtral-8x22b-instruct,semiconductor manufacturing,0.628
Thermal oxidation with wet oxygen,"['Etching process', 'Etching gas']",False,mixtral-8x22b-instruct,semiconductor manufacturing,0.35
Chemical vapor deposition with silane gas,"['Planarization process', 'Planarization slurry']",False,mixtral-8x22b-instruct,semiconductor manufacturing,0.349
Photolithography process with 193nm wavelength,"['Etching process', 'Etching gas']",False,mixtral-8x22b-instruct,semiconductor manufacturing,0.39
Thermal oxidation with wet oxygen,"['Deposition process', 'Deposition gas']",False,mixtral-8x22b-instruct,semiconductor manufacturing,0.307
Electroplating with copper,"['Oxidation process', 'Oxidation environment']",False,mixtral-8x22b-instruct,semiconductor manufacturing,0.203
Etching process with fluorine-based plasma,"['Deposition process', 'Deposition gas']",False,mixtral-8x22b-instruct,semiconductor manufacturing,0.36
Electroplating with copper,"['Deposition process', 'Deposition gas']",False,mixtral-8x22b-instruct,semiconductor manufacturing,0.224
Thermal oxidation with wet oxygen,"['Deposition process', 'Deposition method']",False,mixtral-8x22b-instruct,semiconductor manufacturing,0.241
Metallization with aluminum,"['Lithography process', 'Lithography wavelength']",False,mixtral-8x22b-instruct,semiconductor manufacturing,0.282
Physical vapor deposition with sputtering,"['Oxidation process', 'Oxidation environment']",False,mixtral-8x22b-instruct,semiconductor manufacturing,0.188
Agile software development methodology,"['Software development methodology', 'Development approach']",True,mixtral-8x22b-instruct,computer science,0.589
Database management system,"['Data management system', 'Data management method']",True,mixtral-8x22b-instruct,computer science,0.568
Distributed system architecture,"['System architecture', 'Component interaction']",True,mixtral-8x22b-instruct,computer science,0.492
Web application development,"['Application type', 'Development platform']",True,mixtral-8x22b-instruct,computer science,0.49
Cybersecurity threat detection,"['Security domain', 'Threat detection method']",True,mixtral-8x22b-instruct,computer science,0.59
Object-oriented programming paradigm,"['Programming paradigm', 'Code organization']",True,mixtral-8x22b-instruct,computer science,0.535
Machine learning model deployment,"['Model deployment', 'Model type']",True,mixtral-8x22b-instruct,computer science,0.589
Data visualization techniques,"['Data representation', 'Visualization method']",True,mixtral-8x22b-instruct,computer science,0.622
Cloud-based data processing,"['Data storage location', 'Data processing method']",True,mixtral-8x22b-instruct,computer science,0.45
Secure network communication,"['Network protocol', 'Data encryption']",True,mixtral-8x22b-instruct,computer science,0.464
Agile software development methodology,"['Data management system', 'Data management method']",False,mixtral-8x22b-instruct,computer science,0.258
Database management system,"['System architecture', 'Component interaction']",False,mixtral-8x22b-instruct,computer science,0.208
Distributed system architecture,"['Data storage location', 'Data processing method']",False,mixtral-8x22b-instruct,computer science,0.205
Web application development,"['Data representation', 'Visualization method']",False,mixtral-8x22b-instruct,computer science,0.177
Distributed system architecture,"['Data management system', 'Data management method']",False,mixtral-8x22b-instruct,computer science,0.26
Distributed system architecture,"['Model deployment', 'Model type']",False,mixtral-8x22b-instruct,computer science,0.209
Cybersecurity threat detection,"['Data management system', 'Data management method']",False,mixtral-8x22b-instruct,computer science,0.21
Database management system,"['Data representation', 'Visualization method']",False,mixtral-8x22b-instruct,computer science,0.204
Web application development,"['System architecture', 'Component interaction']",False,mixtral-8x22b-instruct,computer science,0.241
Database management system,"['Software development methodology', 'Development approach']",False,mixtral-8x22b-instruct,computer science,0.25
Urban poverty,"['Level of urbanization', 'Poverty level']",True,mixtral-8x22b-instruct,sociology,0.486
Urban gentrification,"['Level of urbanization', 'Gentrification level']",True,mixtral-8x22b-instruct,sociology,0.55
Inner-city crime,"['Inner-city area', 'Crime level']",True,mixtral-8x22b-instruct,sociology,0.59
Urban inequality,"['Level of urbanization', 'Inequality level']",True,mixtral-8x22b-instruct,sociology,0.497
Rural education,"['Level of rurality', 'Education level']",True,mixtral-8x22b-instruct,sociology,0.496
Suburban diversity,"['Suburban area', 'Diversity level']",True,mixtral-8x22b-instruct,sociology,0.659
Suburban wealth,"['Suburban area', 'Wealth level']",True,mixtral-8x22b-instruct,sociology,0.664
Rural migration,"['Level of rurality', 'Migration level']",True,mixtral-8x22b-instruct,sociology,0.566
Inner-city segregation,"['Inner-city area', 'Segregation level']",True,mixtral-8x22b-instruct,sociology,0.651
Rural unemployment,"['Level of rurality', 'Unemployment level']",True,mixtral-8x22b-instruct,sociology,0.577
Urban poverty,"['Suburban area', 'Wealth level']",False,mixtral-8x22b-instruct,sociology,0.386
Urban gentrification,"['Suburban area', 'Diversity level']",False,mixtral-8x22b-instruct,sociology,0.358
Inner-city crime,"['Inner-city area', 'Segregation level']",False,mixtral-8x22b-instruct,sociology,0.485
Urban inequality,"['Level of rurality', 'Education level']",False,mixtral-8x22b-instruct,sociology,0.298
Urban gentrification,"['Inner-city area', 'Segregation level']",False,mixtral-8x22b-instruct,sociology,0.417
Suburban diversity,"['Level of rurality', 'Unemployment level']",False,mixtral-8x22b-instruct,sociology,0.257
Suburban diversity,"['Level of rurality', 'Migration level']",False,mixtral-8x22b-instruct,sociology,0.293
Rural migration,"['Inner-city area', 'Crime level']",False,mixtral-8x22b-instruct,sociology,0.175
Inner-city crime,"['Suburban area', 'Wealth level']",False,mixtral-8x22b-instruct,sociology,0.339
Suburban diversity,"['Inner-city area', 'Crime level']",False,mixtral-8x22b-instruct,sociology,0.29
Growth mindset and resilience,"['Mindset type', 'Resilience level']",True,mixtral-8x22b-instruct,psychology,0.598
Negative self-talk and low self-esteem,"['Self-talk type', 'Self-esteem level']",True,mixtral-8x22b-instruct,psychology,0.549
Cognitive distortions and negative thinking,"['Cognitive distortions level', 'Negative thinking level']",True,mixtral-8x22b-instruct,psychology,0.644
Perfectionism and fear of failure,"['Perfectionism level', 'Fear of failure level']",True,mixtral-8x22b-instruct,psychology,0.652
Chronic stress and anxiety,"['Stress level', 'Anxiety level']",True,mixtral-8x22b-instruct,psychology,0.457
Mindfulness and emotional regulation,"['Mindfulness level', 'Emotional regulation ability']",True,mixtral-8x22b-instruct,psychology,0.692
Empathy and active listening,"['Empathy level', 'Active listening ability']",True,mixtral-8x22b-instruct,psychology,0.678
Positive reinforcement and motivation,"['Reinforcement type', 'Motivation level']",True,mixtral-8x22b-instruct,psychology,0.596
Self-compassion and self-forgiveness,"['Self-compassion level', 'Self-forgiveness level']",True,mixtral-8x22b-instruct,psychology,0.625
Social support and resilience,"['Social support level', 'Resilience level']",True,mixtral-8x22b-instruct,psychology,0.659
Growth mindset and resilience,"['Mindfulness level', 'Emotional regulation ability']",False,mixtral-8x22b-instruct,psychology,0.4
Negative self-talk and low self-esteem,"['Stress level', 'Anxiety level']",False,mixtral-8x22b-instruct,psychology,0.237
Cognitive distortions and negative thinking,"['Empathy level', 'Active listening ability']",False,mixtral-8x22b-instruct,psychology,0.238
Chronic stress and anxiety,"['Perfectionism level', 'Fear of failure level']",False,mixtral-8x22b-instruct,psychology,0.237
Mindfulness and emotional regulation,"['Self-compassion level', 'Self-forgiveness level']",False,mixtral-8x22b-instruct,psychology,0.298
Growth mindset and resilience,"['Stress level', 'Anxiety level']",False,mixtral-8x22b-instruct,psychology,0.226
Empathy and active listening,"['Mindfulness level', 'Emotional regulation ability']",False,mixtral-8x22b-instruct,psychology,0.328
Cognitive distortions and negative thinking,"['Self-talk type', 'Self-esteem level']",False,mixtral-8x22b-instruct,psychology,0.331
Positive reinforcement and motivation,"['Empathy level', 'Active listening ability']",False,mixtral-8x22b-instruct,psychology,0.259
Empathy and active listening,"['Reinforcement type', 'Motivation level']",False,mixtral-8x22b-instruct,psychology,0.174
Commodity futures contracts,"['Financial instrument', 'Underlying asset']",True,mixtral-8x22b-instruct,finance,0.391
Money market funds,"['Investment type', 'Market segment']",True,mixtral-8x22b-instruct,finance,0.333
Growth-oriented mutual funds,"['Investment type', 'Investment strategy']",True,mixtral-8x22b-instruct,finance,0.279
High-dividend stocks,"['Stock type', 'Dividend policy']",True,mixtral-8x22b-instruct,finance,0.5
Blue-chip stocks,"['Stock type', 'Company reputation']",True,mixtral-8x22b-instruct,finance,0.403
Small-cap value stocks,"['Stock type', 'Company size', 'Investment strategy']",True,mixtral-8x22b-instruct,finance,0.366
High-yield corporate bonds,"['Bond type', 'Bond risk']",True,mixtral-8x22b-instruct,finance,0.404
Real estate investment trusts (REITs),"['Investment type', 'Asset class']",True,mixtral-8x22b-instruct,finance,0.365
Emerging market equities,"['Equity type', 'Market type']",True,mixtral-8x22b-instruct,finance,0.433
Long-term government bonds,"['Bond type', 'Bond maturity']",True,mixtral-8x22b-instruct,finance,0.439
Commodity futures contracts,"['Bond type', 'Bond risk']",False,mixtral-8x22b-instruct,finance,0.227
Growth-oriented mutual funds,"['Investment type', 'Market segment']",False,mixtral-8x22b-instruct,finance,0.26
Commodity futures contracts,"['Stock type', 'Company size', 'Investment strategy']",False,mixtral-8x22b-instruct,finance,0.223
High-dividend stocks,"['Equity type', 'Market type']",False,mixtral-8x22b-instruct,finance,0.285
Money market funds,"['Equity type', 'Market type']",False,mixtral-8x22b-instruct,finance,0.315
Blue-chip stocks,"['Investment type', 'Market segment']",False,mixtral-8x22b-instruct,finance,0.293
Money market funds,"['Investment type', 'Investment strategy']",False,mixtral-8x22b-instruct,finance,0.268
Money market funds,"['Financial instrument', 'Underlying asset']",False,mixtral-8x22b-instruct,finance,0.28
Small-cap value stocks,"['Stock type', 'Dividend policy']",False,mixtral-8x22b-instruct,finance,0.315
High-yield corporate bonds,"['Stock type', 'Dividend policy']",False,mixtral-8x22b-instruct,finance,0.33
Urban Renewal,"['Economic Development', 'Housing Quality']",True,gpt-3.5-turbo,urban studies,0.345
Smart City Technology,"['Infrastructure', 'Data Management']",True,gpt-3.5-turbo,urban studies,0.337
Historic Preservation,"['Cultural Heritage', 'Tourism']",True,gpt-3.5-turbo,urban studies,0.333
Community Policing,"['Crime Prevention', 'Community Relations']",True,gpt-3.5-turbo,urban studies,0.513
Public Space Design,"['Social Inclusion', 'Aesthetics']",True,gpt-3.5-turbo,urban studies,0.341
Public Transportation,"['Accessibility', 'Environmental Sustainability']",True,gpt-3.5-turbo,urban studies,0.319
Mixed-Use Development,"['Urban Planning', 'Community Engagement']",True,gpt-3.5-turbo,urban studies,0.303
Green Spaces,"['Health and Well-being', 'Property Values']",True,gpt-3.5-turbo,urban studies,0.339
Gentrification,"['Socioeconomic Status', 'Housing Market']",True,gpt-3.5-turbo,urban studies,0.347
Disaster Resilience,"['Infrastructure', 'Emergency Response']",True,gpt-3.5-turbo,urban studies,0.432
Urban Renewal,"['Infrastructure', 'Emergency Response']",False,gpt-3.5-turbo,urban studies,0.227
Smart City Technology,"['Cultural Heritage', 'Tourism']",False,gpt-3.5-turbo,urban studies,0.185
Historic Preservation,"['Economic Development', 'Housing Quality']",False,gpt-3.5-turbo,urban studies,0.253
Community Policing,"['Cultural Heritage', 'Tourism']",False,gpt-3.5-turbo,urban studies,0.133
Public Space Design,"['Infrastructure', 'Data Management']",False,gpt-3.5-turbo,urban studies,0.25
Community Policing,"['Socioeconomic Status', 'Housing Market']",False,gpt-3.5-turbo,urban studies,0.16
Public Transportation,"['Infrastructure', 'Emergency Response']",False,gpt-3.5-turbo,urban studies,0.281
Historic Preservation,"['Infrastructure', 'Emergency Response']",False,gpt-3.5-turbo,urban studies,0.217
Community Policing,"['Infrastructure', 'Emergency Response']",False,gpt-3.5-turbo,urban studies,0.219
Historic Preservation,"['Accessibility', 'Environmental Sustainability']",False,gpt-3.5-turbo,urban studies,0.257
Elastic Collisions,"['Kinetic Energy', 'Momentum']",True,gpt-3.5-turbo,physics,0.375
Wave-Particle Duality,"['Wave Behavior', 'Particle Behavior']",True,gpt-3.5-turbo,physics,0.593
Conservation of Momentum,"['Linear Momentum', 'Angular Momentum']",True,gpt-3.5-turbo,physics,0.445
Electromagnetic Induction,"['Magnetic Field', 'Induced Electric Field']",True,gpt-3.5-turbo,physics,0.519
Nuclear Fusion,"['Temperature', 'Pressure']",True,gpt-3.5-turbo,physics,0.179
Gravitational Lensing,"['Massive Object', 'Light Deflection']",True,gpt-3.5-turbo,physics,0.523
Magnetic Induction,"['Electric Field', 'Magnetic Field']",True,gpt-3.5-turbo,physics,0.413
Photoelectric Effect,"['Frequency of Light', 'Electron Ejection']",True,gpt-3.5-turbo,physics,0.425
Energy Transfer,"['Kinetic Energy', 'Thermal Energy']",True,gpt-3.5-turbo,physics,0.385
Quantum Entanglement,"['Superposition', 'Spooky Action at a Distance']",True,gpt-3.5-turbo,physics,0.535
Elastic Collisions,"['Frequency of Light', 'Electron Ejection']",False,gpt-3.5-turbo,physics,0.274
Wave-Particle Duality,"['Frequency of Light', 'Electron Ejection']",False,gpt-3.5-turbo,physics,0.381
Electromagnetic Induction,"['Wave Behavior', 'Particle Behavior']",False,gpt-3.5-turbo,physics,0.21
Nuclear Fusion,"['Kinetic Energy', 'Thermal Energy']",False,gpt-3.5-turbo,physics,0.244
Gravitational Lensing,"['Superposition', 'Spooky Action at a Distance']",False,gpt-3.5-turbo,physics,0.263
Nuclear Fusion,"['Wave Behavior', 'Particle Behavior']",False,gpt-3.5-turbo,physics,0.206
Conservation of Momentum,"['Electric Field', 'Magnetic Field']",False,gpt-3.5-turbo,physics,0.205
Magnetic Induction,"['Temperature', 'Pressure']",False,gpt-3.5-turbo,physics,0.165
Photoelectric Effect,"['Massive Object', 'Light Deflection']",False,gpt-3.5-turbo,physics,0.288
Conservation of Momentum,"['Frequency of Light', 'Electron Ejection']",False,gpt-3.5-turbo,physics,0.193
Hormonal imbalance,"['Endocrine system', 'Reproductive health']",True,gpt-3.5-turbo,health,0.39
Neurotransmitter imbalance,"['Brain chemistry', 'Mood regulation']",True,gpt-3.5-turbo,health,0.497
Sleep quality,"['Sleep patterns', 'Energy levels']",True,gpt-3.5-turbo,health,0.511
Oxidative stress,"['Cellular damage', 'Antioxidant levels']",True,gpt-3.5-turbo,health,0.514
Stress response,"['Cortisol levels', 'Mental health']",True,gpt-3.5-turbo,health,0.392
Metabolic syndrome,"['Obesity', 'Insulin resistance']",True,gpt-3.5-turbo,health,0.444
Cardiovascular risk,"['Blood pressure', 'Cholesterol levels']",True,gpt-3.5-turbo,health,0.36
Bone mineral density,"['Bone health', 'Calcium absorption']",True,gpt-3.5-turbo,health,0.519
Gut microbiome dysbiosis,"['Digestive health', 'Immune function']",True,gpt-3.5-turbo,health,0.405
Chronic inflammation,"['Inflammatory status', 'Immune response']",True,gpt-3.5-turbo,health,0.459
Hormonal imbalance,"['Digestive health', 'Immune function']",False,gpt-3.5-turbo,health,0.247
Neurotransmitter imbalance,"['Digestive health', 'Immune function']",False,gpt-3.5-turbo,health,0.196
Sleep quality,"['Brain chemistry', 'Mood regulation']",False,gpt-3.5-turbo,health,0.258
Oxidative stress,"['Brain chemistry', 'Mood regulation']",False,gpt-3.5-turbo,health,0.294
Stress response,"['Cellular damage', 'Antioxidant levels']",False,gpt-3.5-turbo,health,0.287
Metabolic syndrome,"['Inflammatory status', 'Immune response']",False,gpt-3.5-turbo,health,0.24
Cardiovascular risk,"['Obesity', 'Insulin resistance']",False,gpt-3.5-turbo,health,0.301
Bone mineral density,"['Cortisol levels', 'Mental health']",False,gpt-3.5-turbo,health,0.252
Stress response,"['Inflammatory status', 'Immune response']",False,gpt-3.5-turbo,health,0.396
Oxidative stress,"['Cortisol levels', 'Mental health']",False,gpt-3.5-turbo,health,0.323
Metrology tool calibration,"['Process control accuracy', 'Device performance validation']",True,gpt-3.5-turbo,semiconductor manufacturing,0.466
Temperature fluctuation during etching,"['Etching process stability', 'Etch rate control']",True,gpt-3.5-turbo,semiconductor manufacturing,0.566
Chemical concentration monitoring,"['Wet cleaning process effectiveness', 'Surface preparation quality']",True,gpt-3.5-turbo,semiconductor manufacturing,0.284
Dopant diffusion profile,"['Ion implantation process', 'Junction depth control']",True,gpt-3.5-turbo,semiconductor manufacturing,0.477
Mask alignment accuracy,"['Patterning resolution', 'Overlay registration']",True,gpt-3.5-turbo,semiconductor manufacturing,0.359
Wafer surface contamination,"['Cleanroom environment quality', 'Device yield']",True,gpt-3.5-turbo,semiconductor manufacturing,0.405
Plasma chamber cleanliness,"['Etch selectivity', 'Uniformity of plasma processing']",True,gpt-3.5-turbo,semiconductor manufacturing,0.462
Gas flow rate adjustment,"['Gas delivery system efficiency', 'Film deposition uniformity']",True,gpt-3.5-turbo,semiconductor manufacturing,0.363
Wafer edge exclusion,"['Wafer yield optimization', 'Die placement strategy']",True,gpt-3.5-turbo,semiconductor manufacturing,0.462
Lithography alignment accuracy,"['Pattern overlay control', 'Critical dimension uniformity']",True,gpt-3.5-turbo,semiconductor manufacturing,0.403
Metrology tool calibration,"['Wet cleaning process effectiveness', 'Surface preparation quality']",False,gpt-3.5-turbo,semiconductor manufacturing,0.275
Temperature fluctuation during etching,"['Process control accuracy', 'Device performance validation']",False,gpt-3.5-turbo,semiconductor manufacturing,0.259
Chemical concentration monitoring,"['Wafer yield optimization', 'Die placement strategy']",False,gpt-3.5-turbo,semiconductor manufacturing,0.221
Dopant diffusion profile,"['Patterning resolution', 'Overlay registration']",False,gpt-3.5-turbo,semiconductor manufacturing,0.214
Mask alignment accuracy,"['Etch selectivity', 'Uniformity of plasma processing']",False,gpt-3.5-turbo,semiconductor manufacturing,0.259
Wafer surface contamination,"['Process control accuracy', 'Device performance validation']",False,gpt-3.5-turbo,semiconductor manufacturing,0.289
Gas flow rate adjustment,"['Ion implantation process', 'Junction depth control']",False,gpt-3.5-turbo,semiconductor manufacturing,0.187
Dopant diffusion profile,"['Etch selectivity', 'Uniformity of plasma processing']",False,gpt-3.5-turbo,semiconductor manufacturing,0.347
Chemical concentration monitoring,"['Gas delivery system efficiency', 'Film deposition uniformity']",False,gpt-3.5-turbo,semiconductor manufacturing,0.345
Dopant diffusion profile,"['Wafer yield optimization', 'Die placement strategy']",False,gpt-3.5-turbo,semiconductor manufacturing,0.267
Secure Communication,"['Data Encryption', 'Network Integrity']",True,gpt-3.5-turbo,computer science,0.432
Real-time Data Processing,"['Data Processing Speed', 'Data Processing Accuracy']",True,gpt-3.5-turbo,computer science,0.431
Adaptive Machine Learning,"['Model Flexibility', 'Learning Rate']",True,gpt-3.5-turbo,computer science,0.423
Efficient Code Execution,"['Code Performance', 'Resource Utilization']",True,gpt-3.5-turbo,computer science,0.42
Robust Data Security,"['Data Encryption Strength', 'Access Control Measures']",True,gpt-3.5-turbo,computer science,0.498
User-friendly Interface,"['Interface Design', 'Accessibility Features']",True,gpt-3.5-turbo,computer science,0.529
Efficient Resource Utilization,"['CPU Usage', 'Memory Allocation']",True,gpt-3.5-turbo,computer science,0.301
Scalable System Design,"['System Performance', 'System Flexibility']",True,gpt-3.5-turbo,computer science,0.387
Reliable Data Storage,"['Data Durability', 'Data Availability']",True,gpt-3.5-turbo,computer science,0.509
Optimized Algorithm Performance,"['Algorithm Efficiency', 'Algorithm Accuracy']",True,gpt-3.5-turbo,computer science,0.486
Secure Communication,"['Data Processing Speed', 'Data Processing Accuracy']",False,gpt-3.5-turbo,computer science,0.163
Real-time Data Processing,"['Code Performance', 'Resource Utilization']",False,gpt-3.5-turbo,computer science,0.32
Secure Communication,"['Code Performance', 'Resource Utilization']",False,gpt-3.5-turbo,computer science,0.17
Efficient Code Execution,"['Interface Design', 'Accessibility Features']",False,gpt-3.5-turbo,computer science,0.164
Robust Data Security,"['Data Durability', 'Data Availability']",False,gpt-3.5-turbo,computer science,0.392
Robust Data Security,"['Interface Design', 'Accessibility Features']",False,gpt-3.5-turbo,computer science,0.207
User-friendly Interface,"['System Performance', 'System Flexibility']",False,gpt-3.5-turbo,computer science,0.322
Efficient Resource Utilization,"['Data Encryption Strength', 'Access Control Measures']",False,gpt-3.5-turbo,computer science,0.168
Efficient Code Execution,"['CPU Usage', 'Memory Allocation']",False,gpt-3.5-turbo,computer science,0.213
Reliable Data Storage,"['Model Flexibility', 'Learning Rate']",False,gpt-3.5-turbo,computer science,0.211
Educational Attainment,"['Socioeconomic Status', 'Career Opportunities']",True,gpt-3.5-turbo,sociology,0.393
Environmental Awareness,"['Sustainable Practices', 'Community Resilience']",True,gpt-3.5-turbo,sociology,0.38
Health Behavior,"['Dietary Habits', 'Mental Well-being']",True,gpt-3.5-turbo,sociology,0.363
Family Dynamics,"['Parenting Style', 'Household Roles']",True,gpt-3.5-turbo,sociology,0.473
Political Activism,"['Political Ideology', 'Social Change']",True,gpt-3.5-turbo,sociology,0.422
Gender Equality,"['Workplace Discrimination', 'Household Responsibilities']",True,gpt-3.5-turbo,sociology,0.361
Community Engagement,"['Social Support', 'Civic Participation']",True,gpt-3.5-turbo,sociology,0.419
Cultural Integration,"['Identity Formation', 'Social Cohesion']",True,gpt-3.5-turbo,sociology,0.398
Technology Adoption,"['Digital Literacy', 'Communication Patterns']",True,gpt-3.5-turbo,sociology,0.356
Social Media Influence,"['Social Status', 'Consumer Behavior']",True,gpt-3.5-turbo,sociology,0.404
Educational Attainment,"['Dietary Habits', 'Mental Well-being']",False,gpt-3.5-turbo,sociology,0.237
Environmental Awareness,"['Social Status', 'Consumer Behavior']",False,gpt-3.5-turbo,sociology,0.23
Family Dynamics,"['Digital Literacy', 'Communication Patterns']",False,gpt-3.5-turbo,sociology,0.255
Health Behavior,"['Social Status', 'Consumer Behavior']",False,gpt-3.5-turbo,sociology,0.378
Educational Attainment,"['Parenting Style', 'Household Roles']",False,gpt-3.5-turbo,sociology,0.233
Health Behavior,"['Identity Formation', 'Social Cohesion']",False,gpt-3.5-turbo,sociology,0.243
Political Activism,"['Workplace Discrimination', 'Household Responsibilities']",False,gpt-3.5-turbo,sociology,0.249
Gender Equality,"['Socioeconomic Status', 'Career Opportunities']",False,gpt-3.5-turbo,sociology,0.288
Family Dynamics,"['Social Support', 'Civic Participation']",False,gpt-3.5-turbo,sociology,0.224
Educational Attainment,"['Social Support', 'Civic Participation']",False,gpt-3.5-turbo,sociology,0.296
Emotional Regulation,"['Anxiety', 'Relationship Satisfaction']",True,gpt-3.5-turbo,psychology,0.302
Perceived Control,"['Anxiety', 'Self-efficacy']",True,gpt-3.5-turbo,psychology,0.384
Mindfulness,"['Depression', 'Emotional Regulation']",True,gpt-3.5-turbo,psychology,0.298
Emotional Intelligence,"['Interpersonal Relationships', 'Stress Management']",True,gpt-3.5-turbo,psychology,0.376
Self-esteem,"['Depression', 'Life Satisfaction']",True,gpt-3.5-turbo,psychology,0.271
Social Support,"['Stress Level', 'Well-being']",True,gpt-3.5-turbo,psychology,0.304
Perceived Social Support,"['Loneliness', 'Self-esteem']",True,gpt-3.5-turbo,psychology,0.344
Coping Strategies,"['Anxiety', 'Resilience']",True,gpt-3.5-turbo,psychology,0.393
Resilience,"['Stress', 'Mental Health']",True,gpt-3.5-turbo,psychology,0.302
Empathy,"['Relationship Satisfaction', 'Conflict Resolution']",True,gpt-3.5-turbo,psychology,0.19
Perceived Control,"['Anxiety', 'Resilience']",False,gpt-3.5-turbo,psychology,0.287
Mindfulness,"['Stress', 'Mental Health']",False,gpt-3.5-turbo,psychology,0.33
Emotional Intelligence,"['Stress', 'Mental Health']",False,gpt-3.5-turbo,psychology,0.268
Self-esteem,"['Anxiety', 'Resilience']",False,gpt-3.5-turbo,psychology,0.268
Mindfulness,"['Stress Level', 'Well-being']",False,gpt-3.5-turbo,psychology,0.265
Mindfulness,"['Loneliness', 'Self-esteem']",False,gpt-3.5-turbo,psychology,0.215
Emotional Intelligence,"['Loneliness', 'Self-esteem']",False,gpt-3.5-turbo,psychology,0.309
Social Support,"['Stress', 'Mental Health']",False,gpt-3.5-turbo,psychology,0.299
Perceived Social Support,"['Stress', 'Mental Health']",False,gpt-3.5-turbo,psychology,0.269
Coping Strategies,"['Stress Level', 'Well-being']",False,gpt-3.5-turbo,psychology,0.317
Inflation Rate,"['Purchasing Power', 'Interest Rates']",True,gpt-3.5-turbo,finance,0.408
Credit Rating,"['Borrowing Costs', 'Investor Confidence']",True,gpt-3.5-turbo,finance,0.34
Government Policy,"['Tax Revenues', 'Regulatory Environment']",True,gpt-3.5-turbo,finance,0.382
Global Trade Tensions,"['Supply Chain Costs', 'Market Uncertainty']",True,gpt-3.5-turbo,finance,0.421
Market Volatility,"['Market Risk', 'Investor Sentiment']",True,gpt-3.5-turbo,finance,0.535
Foreign Exchange Rate,"['Import Costs', 'Export Competitiveness']",True,gpt-3.5-turbo,finance,0.362
Economic Recession,"['Unemployment Rate', 'Consumer Spending']",True,gpt-3.5-turbo,finance,0.328
Corporate Earnings,"['Stock Prices', 'Dividend Payments']",True,gpt-3.5-turbo,finance,0.412
Interest Rate Hike,"['Bond Prices', 'Cost of Borrowing']",True,gpt-3.5-turbo,finance,0.394
Technological Innovation,"['Industry Disruption', 'Competitive Advantage']",True,gpt-3.5-turbo,finance,0.356
Credit Rating,"['Market Risk', 'Investor Sentiment']",False,gpt-3.5-turbo,finance,0.242
Government Policy,"['Borrowing Costs', 'Investor Confidence']",False,gpt-3.5-turbo,finance,0.189
Credit Rating,"['Supply Chain Costs', 'Market Uncertainty']",False,gpt-3.5-turbo,finance,0.186
Global Trade Tensions,"['Market Risk', 'Investor Sentiment']",False,gpt-3.5-turbo,finance,0.304
Market Volatility,"['Supply Chain Costs', 'Market Uncertainty']",False,gpt-3.5-turbo,finance,0.408
Inflation Rate,"['Stock Prices', 'Dividend Payments']",False,gpt-3.5-turbo,finance,0.267
Credit Rating,"['Unemployment Rate', 'Consumer Spending']",False,gpt-3.5-turbo,finance,0.238
Global Trade Tensions,"['Industry Disruption', 'Competitive Advantage']",False,gpt-3.5-turbo,finance,0.305
Global Trade Tensions,"['Tax Revenues', 'Regulatory Environment']",False,gpt-3.5-turbo,finance,0.346
Foreign Exchange Rate,"['Industry Disruption', 'Competitive Advantage']",False,gpt-3.5-turbo,finance,0.15
Public Wi-Fi networks,"['Digital inclusion', 'Economic development']",True,gpt-4-turbo,urban studies,0.238
Historic preservation regulations,"['Cultural heritage', 'Regulatory frameworks']",True,gpt-4-turbo,urban studies,0.378
Community policing initiatives,"['Public safety', 'Community engagement']",True,gpt-4-turbo,urban studies,0.457
Mixed-use development projects,"['Urban planning', 'Economic development']",True,gpt-4-turbo,urban studies,0.423
Urban farming initiatives,"['Food security', 'Environmental sustainability']",True,gpt-4-turbo,urban studies,0.389
Public transportation expansion,"['Infrastructure development', 'Environmental sustainability']",True,gpt-4-turbo,urban studies,0.339
Pedestrian-friendly street redesign,"['Urban design', 'Public health']",True,gpt-4-turbo,urban studies,0.396
Smart city technology implementation,"['Technological advancement', 'Governance']",True,gpt-4-turbo,urban studies,0.376
Flood-resistant urban design,"['Climate adaptation', 'Urban planning']",True,gpt-4-turbo,urban studies,0.436
Green roof installations,"['Environmental sustainability', 'Building standards']",True,gpt-4-turbo,urban studies,0.346
Public Wi-Fi networks,"['Food security', 'Environmental sustainability']",False,gpt-4-turbo,urban studies,0.162
Historic preservation regulations,"['Urban planning', 'Economic development']",False,gpt-4-turbo,urban studies,0.188
Community policing initiatives,"['Food security', 'Environmental sustainability']",False,gpt-4-turbo,urban studies,0.212
Mixed-use development projects,"['Urban design', 'Public health']",False,gpt-4-turbo,urban studies,0.343
Urban farming initiatives,"['Urban design', 'Public health']",False,gpt-4-turbo,urban studies,0.331
Public transportation expansion,"['Food security', 'Environmental sustainability']",False,gpt-4-turbo,urban studies,0.177
Pedestrian-friendly street redesign,"['Infrastructure development', 'Environmental sustainability']",False,gpt-4-turbo,urban studies,0.249
Smart city technology implementation,"['Urban planning', 'Economic development']",False,gpt-4-turbo,urban studies,0.351
Mixed-use development projects,"['Technological advancement', 'Governance']",False,gpt-4-turbo,urban studies,0.174
Flood-resistant urban design,"['Cultural heritage', 'Regulatory frameworks']",False,gpt-4-turbo,urban studies,0.19
solar wind interaction with Earth's magnetosphere,"['Solar activity', 'Geomagnetic effects']",True,gpt-4-turbo,physics,0.422
nuclear fusion in stars,"['Nuclear reactions', 'Stellar energy output']",True,gpt-4-turbo,physics,0.48
gravitational lensing,"['Gravitational force', 'Light propagation']",True,gpt-4-turbo,physics,0.374
black hole evaporation,"['Black hole properties', 'Quantum effects']",True,gpt-4-turbo,physics,0.479
semiconductor doping,"['Material conductivity', 'Material composition']",True,gpt-4-turbo,physics,0.222
gamma-ray burst emissions,"['High-energy astrophysical phenomena', 'Stellar evolution']",True,gpt-4-turbo,physics,0.381
superconductivity,"['Electrical resistance', 'Material phase']",True,gpt-4-turbo,physics,0.285
elastic collision of particles,"['Momentum conservation', 'Kinetic energy conservation']",True,gpt-4-turbo,physics,0.421
photoelectric effect,"['Electromagnetic radiation interaction', 'Electron emission']",True,gpt-4-turbo,physics,0.395
thermoelectric cooling,"['Heat transfer', 'Electrical effects']",True,gpt-4-turbo,physics,0.369
solar wind interaction with Earth's magnetosphere,"['Gravitational force', 'Light propagation']",False,gpt-4-turbo,physics,0.237
nuclear fusion in stars,"['Electrical resistance', 'Material phase']",False,gpt-4-turbo,physics,0.1
gravitational lensing,"['Solar activity', 'Geomagnetic effects']",False,gpt-4-turbo,physics,0.193
semiconductor doping,"['High-energy astrophysical phenomena', 'Stellar evolution']",False,gpt-4-turbo,physics,0.15
superconductivity,"['Solar activity', 'Geomagnetic effects']",False,gpt-4-turbo,physics,0.167
gravitational lensing,"['Material conductivity', 'Material composition']",False,gpt-4-turbo,physics,0.07
semiconductor doping,"['Gravitational force', 'Light propagation']",False,gpt-4-turbo,physics,0.129
elastic collision of particles,"['Heat transfer', 'Electrical effects']",False,gpt-4-turbo,physics,0.185
semiconductor doping,"['Nuclear reactions', 'Stellar energy output']",False,gpt-4-turbo,physics,0.153
solar wind interaction with Earth's magnetosphere,"['Material conductivity', 'Material composition']",False,gpt-4-turbo,physics,0.114
allergy immunotherapy,"['Treatment method', 'Health condition addressed']",True,gpt-4-turbo,health,0.253
prenatal yoga classes,"['Exercise type', 'Target demographic']",True,gpt-4-turbo,health,0.215
pediatric vaccination program,"['Preventive healthcare', 'Target demographic']",True,gpt-4-turbo,health,0.324
diabetic diet plan,"['Disease management', 'Nutritional strategy']",True,gpt-4-turbo,health,0.338
smoking cessation counseling,"['Healthcare intervention', 'Risk factor modification']",True,gpt-4-turbo,health,0.345
breast cancer screening mammography,"['Diagnostic procedure', 'Health condition monitored']",True,gpt-4-turbo,health,0.268
osteoporosis bone density screening,"['Diagnostic procedure', 'Health condition monitored']",True,gpt-4-turbo,health,0.266
mental health support group,"['Healthcare intervention', 'Psychological condition management']",True,gpt-4-turbo,health,0.415
cardiovascular fitness training,"['Exercise type', 'Health outcome improvement']",True,gpt-4-turbo,health,0.322
stress management workshop,"['Healthcare intervention', 'Psychological condition management']",True,gpt-4-turbo,health,0.357
allergy immunotherapy,"['Healthcare intervention', 'Risk factor modification']",False,gpt-4-turbo,health,0.24
prenatal yoga classes,"['Healthcare intervention', 'Risk factor modification']",False,gpt-4-turbo,health,0.157
pediatric vaccination program,"['Exercise type', 'Target demographic']",False,gpt-4-turbo,health,0.147
diabetic diet plan,"['Treatment method', 'Health condition addressed']",False,gpt-4-turbo,health,0.19
smoking cessation counseling,"['Exercise type', 'Health outcome improvement']",False,gpt-4-turbo,health,0.192
breast cancer screening mammography,"['Healthcare intervention', 'Risk factor modification']",False,gpt-4-turbo,health,0.284
prenatal yoga classes,"['Healthcare intervention', 'Psychological condition management']",False,gpt-4-turbo,health,0.157
allergy immunotherapy,"['Preventive healthcare', 'Target demographic']",False,gpt-4-turbo,health,0.2
smoking cessation counseling,"['Diagnostic procedure', 'Health condition monitored']",False,gpt-4-turbo,health,0.167
prenatal yoga classes,"['Preventive healthcare', 'Target demographic']",False,gpt-4-turbo,health,0.224
Copper dual damascene process,"['Interconnect fabrication method', 'Conductive material used']",True,gpt-4-turbo,semiconductor manufacturing,0.485
Silicon nitride deposition,"['Deposition material', 'Deposition technique']",True,gpt-4-turbo,semiconductor manufacturing,0.366
Rapid thermal oxidation,"['Oxidation method', 'Process speed']",True,gpt-4-turbo,semiconductor manufacturing,0.462
Deep ultraviolet stepper,"['Lithography equipment', 'Light wavelength']",True,gpt-4-turbo,semiconductor manufacturing,0.463
Silicon wafer backgrinding,"['Wafer processing step', 'Material type']",True,gpt-4-turbo,semiconductor manufacturing,0.488
Argon plasma etching,"['Etching technique', 'Plasma gas type']",True,gpt-4-turbo,semiconductor manufacturing,0.617
High-k dielectric layer formation,"['Dielectric property', 'Layer processing step']",True,gpt-4-turbo,semiconductor manufacturing,0.517
High-temperature annealing,"['Thermal processing technique', 'Process temperature range']",True,gpt-4-turbo,semiconductor manufacturing,0.462
Ultraviolet photolithography exposure,"['Lithography technique', 'Light source type']",True,gpt-4-turbo,semiconductor manufacturing,0.467
Low-pressure chemical vapor deposition,"['Deposition method', 'Ambient pressure condition']",True,gpt-4-turbo,semiconductor manufacturing,0.429
Silicon nitride deposition,"['Etching technique', 'Plasma gas type']",False,gpt-4-turbo,semiconductor manufacturing,0.321
Rapid thermal oxidation,"['Lithography technique', 'Light source type']",False,gpt-4-turbo,semiconductor manufacturing,0.213
Deep ultraviolet stepper,"['Deposition method', 'Ambient pressure condition']",False,gpt-4-turbo,semiconductor manufacturing,0.205
Silicon wafer backgrinding,"['Oxidation method', 'Process speed']",False,gpt-4-turbo,semiconductor manufacturing,0.153
Silicon nitride deposition,"['Interconnect fabrication method', 'Conductive material used']",False,gpt-4-turbo,semiconductor manufacturing,0.311
Argon plasma etching,"['Wafer processing step', 'Material type']",False,gpt-4-turbo,semiconductor manufacturing,0.344
High-k dielectric layer formation,"['Oxidation method', 'Process speed']",False,gpt-4-turbo,semiconductor manufacturing,0.164
High-temperature annealing,"['Lithography technique', 'Light source type']",False,gpt-4-turbo,semiconductor manufacturing,0.195
Silicon wafer backgrinding,"['Deposition method', 'Ambient pressure condition']",False,gpt-4-turbo,semiconductor manufacturing,0.186
Ultraviolet photolithography exposure,"['Deposition method', 'Ambient pressure condition']",False,gpt-4-turbo,semiconductor manufacturing,0.217
Biometric authentication system,"['Authentication Method', 'System Security']",True,gpt-4-turbo,computer science,0.467
Open-source software development,"['Software Licensing', 'Development Model']",True,gpt-4-turbo,computer science,0.509
Voice-controlled user interface,"['User Interface Type', 'Control Mechanism']",True,gpt-4-turbo,computer science,0.481
Real-time user analytics,"['Data Analysis Timing', 'Data Application']",True,gpt-4-turbo,computer science,0.356
Distributed ledger technology,"['Data Management Technology', 'System Architecture']",True,gpt-4-turbo,computer science,0.334
Multi-threaded processing,"['Concurrency Model', 'Processing Type']",True,gpt-4-turbo,computer science,0.544
Cloud-based data storage,"['Data Storage Type', 'Data Accessibility']",True,gpt-4-turbo,computer science,0.445
End-to-end encryption,"['Security Feature', 'Encryption Scope']",True,gpt-4-turbo,computer science,0.436
Automated system backups,"['Backup Type', 'Automation Level']",True,gpt-4-turbo,computer science,0.544
Machine learning-based fraud detection,"['Application of Machine Learning', 'Type of Machine Learning']",True,gpt-4-turbo,computer science,0.424
Biometric authentication system,"['Backup Type', 'Automation Level']",False,gpt-4-turbo,computer science,0.163
Open-source software development,"['Security Feature', 'Encryption Scope']",False,gpt-4-turbo,computer science,0.144
Voice-controlled user interface,"['Data Storage Type', 'Data Accessibility']",False,gpt-4-turbo,computer science,0.205
Voice-controlled user interface,"['Data Analysis Timing', 'Data Application']",False,gpt-4-turbo,computer science,0.145
Voice-controlled user interface,"['Software Licensing', 'Development Model']",False,gpt-4-turbo,computer science,0.205
Real-time user analytics,"['Backup Type', 'Automation Level']",False,gpt-4-turbo,computer science,0.139
Real-time user analytics,"['Application of Machine Learning', 'Type of Machine Learning']",False,gpt-4-turbo,computer science,0.153
Open-source software development,"['Application of Machine Learning', 'Type of Machine Learning']",False,gpt-4-turbo,computer science,0.118
Voice-controlled user interface,"['Security Feature', 'Encryption Scope']",False,gpt-4-turbo,computer science,0.154
Biometric authentication system,"['User Interface Type', 'Control Mechanism']",False,gpt-4-turbo,computer science,0.206
civic participation,"['Political Processes', 'Community Development', 'Social Cohesion']",True,gpt-4-turbo,sociology,0.355
urban gentrification,"['Urban Development', 'Economic Impact', 'Social Stratification']",True,gpt-4-turbo,sociology,0.425
intergenerational living,"['Family Dynamics', 'Social Support', 'Housing Economics']",True,gpt-4-turbo,sociology,0.321
workplace diversity,"['Corporate Culture', 'Social Equality', 'Economic Performance']",True,gpt-4-turbo,sociology,0.332
global migration,"['Demographic Changes', 'Labor Markets', 'Cultural Exchange']",True,gpt-4-turbo,sociology,0.371
sustainable urban planning,"['Environmental Conservation', 'Urban Infrastructure', 'Quality of Life']",True,gpt-4-turbo,sociology,0.41
economic recession,"['Economic Stability', 'Employment Rates', 'Consumer Behavior']",True,gpt-4-turbo,sociology,0.369
online education,"['Educational Methods', 'Technology Utilization', 'Access to Education']",True,gpt-4-turbo,sociology,0.367
public health campaigns,"['Health Education', 'Community Engagement', 'Government Policy']",True,gpt-4-turbo,sociology,0.444
social media activism,"['Political Engagement', 'Social Movements', 'Communication Technology']",True,gpt-4-turbo,sociology,0.403
civic participation,"['Educational Methods', 'Technology Utilization', 'Access to Education']",False,gpt-4-turbo,sociology,0.185
urban gentrification,"['Environmental Conservation', 'Urban Infrastructure', 'Quality of Life']",False,gpt-4-turbo,sociology,0.313
intergenerational living,"['Corporate Culture', 'Social Equality', 'Economic Performance']",False,gpt-4-turbo,sociology,0.114
intergenerational living,"['Political Engagement', 'Social Movements', 'Communication Technology']",False,gpt-4-turbo,sociology,0.138
workplace diversity,"['Environmental Conservation', 'Urban Infrastructure', 'Quality of Life']",False,gpt-4-turbo,sociology,0.146
global migration,"['Health Education', 'Community Engagement', 'Government Policy']",False,gpt-4-turbo,sociology,0.118
global migration,"['Political Processes', 'Community Development', 'Social Cohesion']",False,gpt-4-turbo,sociology,0.181
sustainable urban planning,"['Health Education', 'Community Engagement', 'Government Policy']",False,gpt-4-turbo,sociology,0.21
urban gentrification,"['Political Processes', 'Community Development', 'Social Cohesion']",False,gpt-4-turbo,sociology,0.245
intergenerational living,"['Educational Methods', 'Technology Utilization', 'Access to Education']",False,gpt-4-turbo,sociology,0.093
emotional support animal,"['Coping Mechanisms', 'Emotional Support']",True,gpt-4-turbo,psychology,0.407
romantic relationship conflicts,"['Relationship Type', 'Conflict Resolution']",True,gpt-4-turbo,psychology,0.431
academic performance anxiety,"['Anxiety Type', 'Educational Context']",True,gpt-4-turbo,psychology,0.519
family therapy session,"['Therapy Type', 'Social Support']",True,gpt-4-turbo,psychology,0.356
mindfulness meditation practice,"['Coping Mechanisms', 'Mental Health Improvement']",True,gpt-4-turbo,psychology,0.286
stress-induced insomnia,"['Psychological Stress', 'Sleep Quality']",True,gpt-4-turbo,psychology,0.472
peer group discussions,"['Social Interaction', 'Communication Style']",True,gpt-4-turbo,psychology,0.268
public speaking anxiety,"['Anxiety Type', 'Social Situations']",True,gpt-4-turbo,psychology,0.362
cognitive behavioral therapy session,"['Therapy Type', 'Treatment Approach']",True,gpt-4-turbo,psychology,0.362
group therapy dynamics,"['Therapy Type', 'Social Dynamics']",True,gpt-4-turbo,psychology,0.508
emotional support animal,"['Social Interaction', 'Communication Style']",False,gpt-4-turbo,psychology,0.167
romantic relationship conflicts,"['Psychological Stress', 'Sleep Quality']",False,gpt-4-turbo,psychology,0.188
romantic relationship conflicts,"['Coping Mechanisms', 'Emotional Support']",False,gpt-4-turbo,psychology,0.201
academic performance anxiety,"['Anxiety Type', 'Social Situations']",False,gpt-4-turbo,psychology,0.375
academic performance anxiety,"['Psychological Stress', 'Sleep Quality']",False,gpt-4-turbo,psychology,0.315
family therapy session,"['Relationship Type', 'Conflict Resolution']",False,gpt-4-turbo,psychology,0.202
mindfulness meditation practice,"['Coping Mechanisms', 'Emotional Support']",False,gpt-4-turbo,psychology,0.241
stress-induced insomnia,"['Coping Mechanisms', 'Mental Health Improvement']",False,gpt-4-turbo,psychology,0.262
peer group discussions,"['Coping Mechanisms', 'Emotional Support']",False,gpt-4-turbo,psychology,0.181
mindfulness meditation practice,"['Social Interaction', 'Communication Style']",False,gpt-4-turbo,psychology,0.138
Implementation of new financial regulations,"['Regulatory Environment', 'Market Condition']",True,gpt-4-turbo,finance,0.326
Credit rating downgrade for a major corporation,"['Credit Analysis', 'Investment Risk']",True,gpt-4-turbo,finance,0.346
Launch of government-backed investment bonds,"['Government Policy', 'Investment Opportunity']",True,gpt-4-turbo,finance,0.446
Global economic slowdown,"['Economic Condition', 'Market Sentiment']",True,gpt-4-turbo,finance,0.361
Federal Reserve interest rate hike,"['Monetary Policy', 'Economic Indicator']",True,gpt-4-turbo,finance,0.302
Increase in consumer spending,"['Economic Activity', 'Market Health']",True,gpt-4-turbo,finance,0.286
Merger between two major banks,"['Corporate Action', 'Market Dynamics']",True,gpt-4-turbo,finance,0.297
Introduction of a new cryptocurrency,"['Financial Innovation', 'Market Expansion']",True,gpt-4-turbo,finance,0.277
Release of quarterly financial results,"['Corporate Event', 'Market Indicator']",True,gpt-4-turbo,finance,0.297
Surge in commodity prices,"['Market Trend', 'Economic Impact']",True,gpt-4-turbo,finance,0.312
Implementation of new financial regulations,"['Economic Activity', 'Market Health']",False,gpt-4-turbo,finance,0.21
Launch of government-backed investment bonds,"['Economic Activity', 'Market Health']",False,gpt-4-turbo,finance,0.199
Global economic slowdown,"['Credit Analysis', 'Investment Risk']",False,gpt-4-turbo,finance,0.196
Federal Reserve interest rate hike,"['Market Trend', 'Economic Impact']",False,gpt-4-turbo,finance,0.231
Federal Reserve interest rate hike,"['Economic Condition', 'Market Sentiment']",False,gpt-4-turbo,finance,0.22
Increase in consumer spending,"['Economic Condition', 'Market Sentiment']",False,gpt-4-turbo,finance,0.259
Merger between two major banks,"['Government Policy', 'Investment Opportunity']",False,gpt-4-turbo,finance,0.222
Global economic slowdown,"['Financial Innovation', 'Market Expansion']",False,gpt-4-turbo,finance,0.297
Merger between two major banks,"['Economic Condition', 'Market Sentiment']",False,gpt-4-turbo,finance,0.182
Release of quarterly financial results,"['Market Trend', 'Economic Impact']",False,gpt-4-turbo,finance,0.29
