Text,Variables,Generated Interaction value,Predicted Interaction value,Data Generation Model,Prediction Model,Domain,Explanation
Public Art Installations,"['Urban Aesthetics', 'Community Engagement']",True,True,llama3-70b,llama3-8b,urban studies,"The text 'Public Art Installations' suggests a high level of urban aesthetics and community engagement, indicating a simultaneous occurrence of both causal variables."
Urban Renewal Projects,"['Urban Development', 'Economic Incentives']",True,False,llama3-70b,llama3-8b,urban studies,"The text 'Urban Renewal Projects' does not explicitly mention the values of 'Urban Development' and 'Economic Incentives'. It only refers to a type of project, which does not provide information about the specific values of these variables."
Pedestrian-Friendly Infrastructure,"['Transportation Infrastructure', 'Urban Design']",True,True,llama3-70b,llama3-8b,urban studies,"The text 'Pedestrian-Friendly Infrastructure' suggests that it is describing a specific type of transportation infrastructure that prioritizes pedestrian needs, which is a value of the 'Transportation Infrastructure' variable. The text does not provide information about urban design, so the value for this variable is left blank."
Disaster-Prone Areas,"['Environmental Risks', 'Emergency Response']",True,False,llama3-70b,llama3-8b,urban studies,"The text 'Disaster-Prone Areas' does not describe the simultaneous occurrence of different values of multiple causal variables. It appears to be a descriptive term for areas that are prone to disasters, which is a characteristic rather than a causal relationship between the variables. The variables 'Environmental Risks' and 'Emergency Response' are not explicitly mentioned in the text, and the text does not provide any information about the values of these variables."
Mixed-Use Development,"['Urban Planning', 'Economic Activity']",True,True,llama3-70b,llama3-8b,urban studies,"The text 'Mixed-Use Development' describes a scenario where different land uses (residential, commercial, recreational, etc.) are combined in a single development, which is a common strategy in urban planning. This development can also have an impact on the local economy, as it can attract businesses and residents. Therefore, the text belongs to both 'Urban Planning' and 'Economic Activity' variables, and the values of these variables are 'Mixed-Use Development' and '' respectively."
Innovation Hubs,"['Economic Activity', 'Education and Research']",True,False,llama3-70b,llama3-8b,urban studies,"The text 'Innovation Hubs' does not explicitly mention the values of 'Economic Activity' and 'Education and Research'. It appears to be a general concept or category, rather than a specific instance that would require values for these variables."
Food Deserts,"['Food Access', 'Neighborhood Characteristics']",True,False,llama3-70b,llama3-8b,urban studies,"The text 'Food Deserts' does not describe the simultaneous occurrence of different values of multiple causal variables. It is a term used to describe areas with limited access to healthy and affordable food options, which is related to 'Food Access' variable. However, it does not provide information about 'Neighborhood Characteristics'."
Public Transportation Hubs,"['Urban Density', 'Transportation Infrastructure']",True,False,llama3-70b,llama3-8b,urban studies,"The text 'Public Transportation Hubs' does not describe the simultaneous occurrence of different values of multiple causal variables. It is a concept or a type of location, rather than a specific combination of values for the variables 'Urban Density' and 'Transportation Infrastructure'."
Cultural Heritage Sites,"['Urban History', 'Tourism']",True,True,llama3-70b,llama3-8b,urban studies,"The text 'Cultural Heritage Sites' is related to both 'Urban History' and 'Tourism', indicating an interaction between the two variables."
Green Spaces,"['Urban Ecology', 'Land Use']",True,False,llama3-70b,llama3-8b,urban studies,"The text 'Green Spaces' does not describe the simultaneous occurrence of values of multiple causal variables. It appears to be a concept or a term related to urban ecology, but it does not provide specific values for the variables 'Urban Ecology' and 'Land Use'."
Public Art Installations,"['Urban Density', 'Transportation Infrastructure']",False,False,llama3-70b,llama3-8b,urban studies,"The text 'Public Art Installations' does not describe the simultaneous occurrence of values of multiple causal variables. It appears to be a topic or concept, rather than a specific combination of values for the variables 'Urban Density' and 'Transportation Infrastructure'."
Urban Renewal Projects,"['Environmental Risks', 'Emergency Response']",False,False,llama3-70b,llama3-8b,urban studies,"The text 'Urban Renewal Projects' does not describe the simultaneous occurrence of values of multiple causal variables. It appears to be a general term that refers to a type of urban development project, but it does not provide specific information about environmental risks or emergency response."
Pedestrian-Friendly Infrastructure,"['Environmental Risks', 'Emergency Response']",False,False,llama3-70b,llama3-8b,urban studies,"The text 'Pedestrian-Friendly Infrastructure' does not describe the simultaneous occurrence of values of multiple causal variables. It appears to be a general concept related to urban planning and design, rather than a specific interaction between environmental risks and emergency response."
Disaster-Prone Areas,"['Urban History', 'Tourism']",False,False,llama3-70b,llama3-8b,urban studies,"The text 'Disaster-Prone Areas' does not describe the simultaneous occurrence of values of multiple causal variables. It appears to be a descriptive term for areas that are prone to disasters, which is not related to the variables 'Urban History' and 'Tourism'."
Mixed-Use Development,"['Urban Density', 'Transportation Infrastructure']",False,True,llama3-70b,llama3-8b,urban studies,"The concept of Mixed-Use Development is often associated with high urban density and good transportation infrastructure, as it aims to combine residential, commercial, and recreational spaces in a single area, making it easier for people to access amenities and services without relying on cars."
Innovation Hubs,"['Environmental Risks', 'Emergency Response']",False,False,llama3-70b,llama3-8b,urban studies,"The text 'Innovation Hubs' does not describe the simultaneous occurrence of values of the causal variables 'Environmental Risks' and 'Emergency Response'. The text appears to be a concept or a term related to urban studies, but it does not provide any information about the values of these variables."
Food Deserts,"['Urban Ecology', 'Land Use']",False,True,llama3-70b,llama3-8b,urban studies,"The concept of Food Deserts is closely related to the intersection of Urban Ecology and Land Use. Food Deserts are areas where it is difficult to access healthy and nutritious food due to a lack of supermarkets or grocery stores, which is a result of the urban planning and land use decisions made in the area."
Pedestrian-Friendly Infrastructure,"['Food Access', 'Neighborhood Characteristics']",False,False,llama3-70b,llama3-8b,urban studies,"The text 'Pedestrian-Friendly Infrastructure' does not describe the simultaneous occurrence of values of multiple causal variables. It appears to be a single concept or characteristic, rather than an interaction between 'Food Access' and 'Neighborhood Characteristics'."
Public Transportation Hubs,"['Urban Development', 'Economic Incentives']",False,False,llama3-70b,llama3-8b,urban studies,"The text 'Public Transportation Hubs' does not describe the simultaneous occurrence of values of multiple causal variables. It appears to be a concept or a topic, rather than a specific combination of values for the variables 'Urban Development' and 'Economic Incentives'."
Mixed-Use Development,"['Urban Aesthetics', 'Community Engagement']",False,False,llama3-70b,llama3-8b,urban studies,"The text 'Mixed-Use Development' does not explicitly describe the values of 'Urban Aesthetics' and 'Community Engagement'. Mixed-use development is a type of urban planning that combines residential, commercial, and recreational spaces, but it does not provide specific information about the aesthetic appeal of the area or the level of community engagement. Therefore, it does not belong to all causal variables."
Gravitational Wave,"['Type of Gravitational Phenomenon', 'Ripple in Space-Time']",True,True,llama3-70b,llama3-8b,physics,"The text 'Gravitational Wave' belongs to both causal variables 'Type of Gravitational Phenomenon' and 'Ripple in Space-Time', indicating an interaction value."
Cosmic Microwave Background,"['Type of Cosmic Radiation', 'Evidence of the Big Bang']",True,False,llama3-70b,llama3-8b,physics,"The text 'Cosmic Microwave Background' does not describe the simultaneous occurrence of values of both causal variables. The Cosmic Microwave Background is a type of cosmic radiation that is evidence of the Big Bang, but it does not provide different values for both variables. It is a single phenomenon that is related to both variables."
Thermal Expansion,"['Type of Material Deformation', 'Response to Temperature Change']",True,True,llama3-70b,llama3-8b,physics,The text 'Thermal Expansion' describes the simultaneous occurrence of different values of the causal variables 'Type of Material Deformation' and 'Response to Temperature Change'. Thermal expansion is a type of deformation that occurs in materials in response to a change in temperature.
Electromagnetic Pulse,"['Type of Radiation', 'Form of Electromagnetic Radiation']",True,True,llama3-70b,llama3-8b,physics,"The text 'Electromagnetic Pulse' describes a specific type of radiation (Pulse) and a specific form of electromagnetic radiation (Electromagnetic), which is a simultaneous occurrence of values for both causal variables."
Magnetic Field Line,"['Type of Magnetic Structure', 'Path of Magnetic Force']",True,True,llama3-70b,llama3-8b,physics,"The text 'Magnetic Field Line' describes the simultaneous occurrence of a specific type of magnetic structure and a path of magnetic force, indicating an interaction between the two causal variables."
Gravitational Redshift,"['Gravitational Effect', 'Type of Redshift']",True,True,llama3-70b,llama3-8b,physics,The text 'Gravitational Redshift' describes the simultaneous occurrence of the values of both causal variables 'Gravitational Effect' and 'Type of Redshift'.
Nuclear Reaction,"['Type of Subatomic Interaction', 'Process of Nuclear Change']",True,True,llama3-70b,llama3-8b,physics,The text 'Nuclear Reaction' describes a simultaneous occurrence of different values of the causal variables 'Type of Subatomic Interaction' (Strong Nuclear Interaction) and 'Process of Nuclear Change' (Nuclear Fission).
Optical Fiber,"['Type of Communication Medium', 'Method of Data Transmission']",True,False,llama3-70b,llama3-8b,physics,"The text 'Optical Fiber' only describes the type of communication medium, which is fiber optic, but does not provide information about the method of data transmission. Therefore, it does not belong to both causal variables."
Quantum Fluctuation,"['Type of Random Variation', 'Source of Uncertainty']",True,False,llama3-70b,llama3-8b,physics,"The text 'Quantum Fluctuation' describes a type of random variation, which belongs to the variable 'Type of Random Variation'. However, it does not provide information about the source of uncertainty, which is a separate variable. Therefore, the text does not describe simultaneous values of all causal variables, and it is not an interaction value."
Electromagnetic Induction,"['Type of Electromagnetic Phenomenon', 'Method of Generating Electricity']",True,True,llama3-70b,llama3-8b,physics,"The text 'Electromagnetic Induction' describes a specific type of electromagnetic phenomenon, which is a value of the variable 'Type of Electromagnetic Phenomenon'. The method of generating electricity is not explicitly mentioned in the text, so it is left as an empty string."
Gravitational Wave,"['Type of Communication Medium', 'Method of Data Transmission']",False,False,llama3-70b,llama3-8b,physics,"Gravitational Wave is not related to the variables 'Type of Communication Medium' and 'Method of Data Transmission', which are typically used to describe communication systems. Gravitational Waves are a phenomenon in physics, not related to communication."
Cosmic Microwave Background,"['Type of Random Variation', 'Source of Uncertainty']",False,False,llama3-70b,llama3-8b,physics,"The text 'Cosmic Microwave Background' does not describe the simultaneous occurrence of values of multiple causal variables. It appears to be a scientific term related to the radiation left over from the Big Bang, which is a fundamental concept in cosmology. The variables 'Type of Random Variation' and 'Source of Uncertainty' seem unrelated to this concept, and the text does not provide any information about these variables."
Thermal Expansion,"['Type of Subatomic Interaction', 'Process of Nuclear Change']",False,False,llama3-70b,llama3-8b,physics,"Thermal Expansion is a physical phenomenon that occurs when a material expands in response to an increase in temperature. It is not related to the Type of Subatomic Interaction or Process of Nuclear Change, which are concepts from nuclear physics. Therefore, this text does not belong to all causal variables."
Thermal Expansion,"['Type of Radiation', 'Form of Electromagnetic Radiation']",False,False,llama3-70b,llama3-8b,physics,Thermal expansion is a physical phenomenon that occurs when a material expands or contracts in response to a change in temperature. It is not related to the type of radiation or form of electromagnetic radiation.
Electromagnetic Pulse,"['Type of Electromagnetic Phenomenon', 'Method of Generating Electricity']",False,False,llama3-70b,llama3-8b,physics,"The text 'Electromagnetic Pulse' does not describe the simultaneous occurrence of values of both causal variables. It only describes a type of electromagnetic phenomenon, which is not related to the method of generating electricity."
Magnetic Field Line,"['Type of Gravitational Phenomenon', 'Ripple in Space-Time']",False,False,llama3-70b,llama3-8b,physics,The text 'Magnetic Field Line' does not belong to both causal variables 'Type of Gravitational Phenomenon' and 'Ripple in Space-Time'. Magnetic fields are not related to gravitational phenomena or ripples in space-time.
Gravitational Redshift,"['Type of Cosmic Radiation', 'Evidence of the Big Bang']",False,False,llama3-70b,llama3-8b,physics,The text 'Gravitational Redshift' does not describe the simultaneous occurrence of values of both causal variables 'Type of Cosmic Radiation' and 'Evidence of the Big Bang'. Gravitational Redshift is a phenomenon in astrophysics where the light emitted by stars is shifted towards the red end of the spectrum due to the gravitational potential of the star. This phenomenon is not directly related to the type of cosmic radiation or evidence of the Big Bang.
Gravitational Redshift,"['Type of Random Variation', 'Source of Uncertainty']",False,False,llama3-70b,llama3-8b,physics,The text 'Gravitational Redshift' does not belong to the causal variables 'Type of Random Variation' and 'Source of Uncertainty'. Gravitational Redshift is a phenomenon in physics where the frequency of light is shifted due to the gravitational potential of a massive object. This phenomenon is not related to the variables 'Type of Random Variation' and 'Source of Uncertainty'.
Nuclear Reaction,"['Type of Gravitational Phenomenon', 'Ripple in Space-Time']",False,False,llama3-70b,llama3-8b,physics,"The text 'Nuclear Reaction' does not describe the simultaneous occurrence of values of both causal variables 'Type of Gravitational Phenomenon' and 'Ripple in Space-Time'. Nuclear reactions are a type of subatomic event that occurs at the atomic or subatomic level, and are not related to gravitational phenomena or ripples in space-time."
Optical Fiber,"['Type of Gravitational Phenomenon', 'Ripple in Space-Time']",False,False,llama3-70b,llama3-8b,physics,"The text 'Optical Fiber' does not belong to the causal variables 'Type of Gravitational Phenomenon' and 'Ripple in Space-Time', as optical fibers are a type of communication medium and do not relate to gravitational phenomena or ripples in space-time."
Nutrient Deficiency,"['Dietary Intake', 'Nutrient Status']",True,True,llama3-70b,llama3-8b,health,"The text 'Nutrient Deficiency' suggests that the values of both 'Dietary Intake' (Low) and 'Nutrient Status' (Deficient) are present simultaneously, indicating an interaction between the two variables."
Social Isolation,"['Social Connections', 'Emotional Support']",True,False,llama3-70b,llama3-8b,health,"The text 'Social Isolation' does not describe the simultaneous occurrence of different values of multiple causal variables. It is a single concept that can be related to both 'Social Connections' and 'Emotional Support', but it does not provide specific values for these variables."
Medication Non-Adherence,"['Medication Compliance', 'Treatment Efficacy']",True,False,llama3-70b,llama3-8b,health,"The text 'Medication Non-Adherence' does not describe the simultaneous occurrence of values of both causal variables 'Medication Compliance' and 'Treatment Efficacy'. It appears to describe a single concept, which is the non-adherence to medication, without mentioning the efficacy of the treatment."
Chronic Stress,"['Mental Health Status', 'Coping Mechanisms']",True,False,llama3-70b,llama3-8b,health,"The text 'Chronic Stress' does not describe the simultaneous occurrence of different values of multiple causal variables. It only describes a single concept, 'Chronic Stress', which is not an interaction value."
Cognitive Impairment,"['Cognitive Function', 'Neurological Status']",True,False,llama3-70b,llama3-8b,health,"The text 'Cognitive Impairment' does not describe the simultaneous occurrence of values of multiple causal variables. It is a single outcome or a condition, not an interaction between 'Cognitive Function' and 'Neurological Status'."
Sedentary Lifestyle,"['Physical Activity Level', 'Lifestyle Habits']",True,False,llama3-70b,llama3-8b,health,"The text 'Sedentary Lifestyle' only describes a lifestyle habit, but does not provide information about physical activity level. Therefore, it does not belong to all causal variables."
Environmental Toxins Exposure,"['Environmental Exposure', 'Toxicant Levels']",True,True,llama3-70b,llama3-8b,health,"The text 'Environmental Toxins Exposure' describes the simultaneous occurrence of both 'Environmental Exposure' and 'Toxicant Levels', indicating an interaction between the two causal variables."
Cardiovascular Disease Diagnosis,"['Disease Status', 'Cardiovascular Health']",True,True,llama3-70b,llama3-8b,health,"The text 'Cardiovascular Disease Diagnosis' describes the simultaneous occurrence of different values of the causal variables 'Disease Status' and 'Cardiovascular Health', specifically 'Diagnosed' and 'Healthy' respectively."
Sleep Disturbances,"['Sleep Quality', 'Circadian Rhythms']",True,False,llama3-70b,llama3-8b,health,"The text 'Sleep Disturbances' does not describe the simultaneous occurrence of different values of multiple causal variables. It is a general term that describes a phenomenon, but it does not provide specific information about the values of 'Sleep Quality' and 'Circadian Rhythms'."
Infectious Disease Outbreak,"['Infection Status', 'Disease Transmission']",True,False,llama3-70b,llama3-8b,health,"The text 'Infectious Disease Outbreak' does not describe the simultaneous occurrence of values of both 'Infection Status' and 'Disease Transmission'. It is a general term that describes a situation, but it does not provide specific values for the causal variables."
Nutrient Deficiency,"['Mental Health Status', 'Coping Mechanisms']",False,False,llama3-70b,llama3-8b,health,"The text 'Nutrient Deficiency' does not describe the simultaneous occurrence of values of multiple causal variables. It is a specific condition that may be related to mental health status and coping mechanisms, but it does not provide information about the values of these variables."
Social Isolation,"['Medication Compliance', 'Treatment Efficacy']",False,False,llama3-70b,llama3-8b,health,"The text 'Social Isolation' does not belong to the causal variables 'Medication Compliance' and 'Treatment Efficacy'. Social Isolation is a psychological state that occurs when an individual lacks social interaction, which is not directly related to medication compliance or treatment efficacy."
Medication Non-Adherence,"['Environmental Exposure', 'Toxicant Levels']",False,False,llama3-70b,llama3-8b,health,"The text 'Medication Non-Adherence' does not describe the simultaneous occurrence of values of the causal variables 'Environmental Exposure' and 'Toxicant Levels'. The text is related to the non-adherence to medication, which is not directly related to the variables provided."
Chronic Stress,"['Sleep Quality', 'Circadian Rhythms']",False,False,llama3-70b,llama3-8b,health,"The text 'Chronic Stress' only describes the value of one causal variable, 'Chronic Stress', which is not related to both 'Sleep Quality' and 'Circadian Rhythms'. Therefore, it does not belong to all causal variables and is not an interaction value."
Nutrient Deficiency,"['Infection Status', 'Disease Transmission']",False,False,llama3-70b,llama3-8b,health,"The text 'Nutrient Deficiency' does not describe the simultaneous occurrence of values of multiple causal variables. It is a specific health condition that can be caused by various factors, but it does not mention the infection status or disease transmission."
Cognitive Impairment,"['Dietary Intake', 'Nutrient Status']",False,False,llama3-70b,llama3-8b,health,The text 'Cognitive Impairment' does not describe the simultaneous occurrence of values of multiple causal variables 'Dietary Intake' and 'Nutrient Status'. The text only describes the outcome 'Cognitive Impairment' which is not an interaction value.
Sedentary Lifestyle,"['Sleep Quality', 'Circadian Rhythms']",False,False,llama3-70b,llama3-8b,health,"The text 'Sedentary Lifestyle' does not describe the simultaneous occurrence of values of multiple causal variables. It is a descriptive term that refers to a lifestyle characterized by a lack of physical activity, but it does not provide information about the values of 'Sleep Quality' or 'Circadian Rhythms'."
Environmental Toxins Exposure,"['Sleep Quality', 'Circadian Rhythms']",False,False,llama3-70b,llama3-8b,health,"The text 'Environmental Toxins Exposure' does not describe the simultaneous occurrence of values of multiple causal variables. It only mentions exposure to environmental toxins, which is a single factor that may affect sleep quality and circadian rhythms, but it does not provide specific values for these variables."
Nutrient Deficiency,"['Environmental Exposure', 'Toxicant Levels']",False,False,llama3-70b,llama3-8b,health,"The text 'Nutrient Deficiency' does not describe the simultaneous occurrence of values of both 'Environmental Exposure' and 'Toxicant Levels'. It appears to be a singular event or condition, rather than an interaction between the two variables."
Medication Non-Adherence,"['Mental Health Status', 'Coping Mechanisms']",False,False,llama3-70b,llama3-8b,health,"The text 'Medication Non-Adherence' does not describe the simultaneous occurrence of values of multiple causal variables. It is a single outcome or phenomenon, not an interaction between 'Mental Health Status' and 'Coping Mechanisms'."
Titanium Nitride Barrier Layer,"['Barrier Layer Material', 'Diffusion Barrier Application']",True,False,llama3-70b,llama3-8b,semiconductor manufacturing,"The text only mentions the material used for the barrier layer, but does not provide information about the application of the diffusion barrier. Therefore, it does not belong to both causal variables."
Tungsten Via Fill,"['Via Fill Material', 'Via Fill Method']",True,False,llama3-70b,llama3-8b,semiconductor manufacturing,"The text 'Tungsten Via Fill' only mentions the material used for via fill, which is Tungsten. It does not provide information about the method used for via fill, which is one of the causal variables. Therefore, it does not describe an interaction value."
Plasma Enhanced Chemical Vapor Deposition,"['Dielectric Material Deposition Method', 'Dielectric Material']",True,False,llama3-70b,llama3-8b,semiconductor manufacturing,"The text describes a specific dielectric material deposition method, which is a value of the 'Dielectric Material Deposition Method' variable. However, it does not provide information about the 'Dielectric Material' variable, which is why the predicted interaction value is false."
Laser Annealing,"['Dopant Activation Method', 'Thermal Budget Control']",True,False,llama3-70b,llama3-8b,semiconductor manufacturing,"The text 'Laser Annealing' does not describe the simultaneous occurrence of values of both causal variables 'Dopant Activation Method' and 'Thermal Budget Control'. It is a specific process in semiconductor manufacturing, but it does not provide information about the values of these variables."
Chemical Mechanical Polishing,"['Wafer Planarization Method', 'Material Removal Technique']",True,False,llama3-70b,llama3-8b,semiconductor manufacturing,"The text 'Chemical Mechanical Polishing' does not describe the simultaneous occurrence of values of multiple causal variables. It is a specific process in semiconductor manufacturing, and does not provide information about the values of 'Wafer Planarization Method' and 'Material Removal Technique'."
Gate Oxide Formation,"['Gate Dielectric Material', 'Gate Oxide Formation Method']",True,False,llama3-70b,llama3-8b,semiconductor manufacturing,"The text 'Gate Oxide Formation' only describes the process of forming the gate oxide, but it does not mention the specific gate dielectric material or method used. Therefore, it does not provide values for both variables."
Wafer Edge Bead Removal,"['Wafer Edge Treatment', 'Defect Reduction Method']",True,False,llama3-70b,llama3-8b,semiconductor manufacturing,"The text 'Wafer Edge Bead Removal' does not describe the simultaneous occurrence of values of multiple causal variables. It appears to be a specific process or technique used in wafer manufacturing, rather than a description of the interaction between 'Wafer Edge Treatment' and 'Defect Reduction Method'."
Photoresist Strip and Clean,"['Photoresist Removal Method', 'Wafer Cleaning Method']",True,False,llama3-70b,llama3-8b,semiconductor manufacturing,"The text 'Photoresist Strip and Clean' does not describe the simultaneous occurrence of different values of 'Photoresist Removal Method' and 'Wafer Cleaning Method'. It is a general process description, not a specific combination of values for the two variables."
Copper Interconnect Fabrication,"['Interconnect Material', 'Interconnect Fabrication Method']",True,False,llama3-70b,llama3-8b,semiconductor manufacturing,"The text only mentions the material used for the interconnect, which is copper, but does not specify the fabrication method. Therefore, it does not provide values for both variables."
Rapid Thermal Annealing,"['Dopant Activation Method', 'Thermal Budget Control']",True,False,llama3-70b,llama3-8b,semiconductor manufacturing,"The text 'Rapid Thermal Annealing' does not describe the simultaneous occurrence of different values of multiple causal variables. It is a specific process in semiconductor manufacturing, which is a single value. It does not provide information about the values of 'Dopant Activation Method' and 'Thermal Budget Control'."
Titanium Nitride Barrier Layer,"['Gate Dielectric Material', 'Gate Oxide Formation Method']",False,False,llama3-70b,llama3-8b,semiconductor manufacturing,"The text 'Titanium Nitride Barrier Layer' does not describe the simultaneous occurrence of values of both 'Gate Dielectric Material' and 'Gate Oxide Formation Method'. It appears to be a description of a specific material used in semiconductor manufacturing, which is not related to the specified causal variables."
Tungsten Via Fill,"['Dopant Activation Method', 'Thermal Budget Control']",False,False,llama3-70b,llama3-8b,semiconductor manufacturing,"The text 'Tungsten Via Fill' does not describe the simultaneous occurrence of values of both causal variables 'Dopant Activation Method' and 'Thermal Budget Control'. It appears to be a specific process or technique used in semiconductor manufacturing, but it does not provide information about the values of these variables."
Plasma Enhanced Chemical Vapor Deposition,"['Interconnect Material', 'Interconnect Fabrication Method']",False,False,llama3-70b,llama3-8b,semiconductor manufacturing,"The text 'Plasma Enhanced Chemical Vapor Deposition' does not describe the values of 'Interconnect Material' and 'Interconnect Fabrication Method' simultaneously. Instead, it is a process used in semiconductor manufacturing, which is a method of fabricating interconnects. The text does not provide information about the specific material used or the fabrication method employed."
Plasma Enhanced Chemical Vapor Deposition,"['Via Fill Material', 'Via Fill Method']",False,False,llama3-70b,llama3-8b,semiconductor manufacturing,"The text 'Plasma Enhanced Chemical Vapor Deposition' does not describe the values of 'Via Fill Material' and 'Via Fill Method' simultaneously. It is a process in semiconductor manufacturing, but it does not provide information about the specific values of these variables."
Laser Annealing,"['Via Fill Material', 'Via Fill Method']",False,False,llama3-70b,llama3-8b,semiconductor manufacturing,"The text 'Laser Annealing' does not describe the values of the causal variables 'Via Fill Material' and 'Via Fill Method'. Laser Annealing is a process in semiconductor manufacturing, but it does not provide information about the specific values of the variables 'Via Fill Material' and 'Via Fill Method'."
Chemical Mechanical Polishing,"['Barrier Layer Material', 'Diffusion Barrier Application']",False,False,llama3-70b,llama3-8b,semiconductor manufacturing,"The text 'Chemical Mechanical Polishing' does not describe the values of the causal variables 'Barrier Layer Material' and 'Diffusion Barrier Application'. Chemical Mechanical Polishing is a process used in semiconductor manufacturing to planarize the surface of a wafer, but it does not provide information about the specific materials used or the application of diffusion barriers."
Gate Oxide Formation,"['Barrier Layer Material', 'Diffusion Barrier Application']",False,False,llama3-70b,llama3-8b,semiconductor manufacturing,"The text 'Gate Oxide Formation' does not describe the simultaneous occurrence of values of both 'Barrier Layer Material' and 'Diffusion Barrier Application'. It appears to be a general process description, and the text does not provide specific values for these variables."
Gate Oxide Formation,"['Dielectric Material Deposition Method', 'Dielectric Material']",False,False,llama3-70b,llama3-8b,semiconductor manufacturing,"The text 'Gate Oxide Formation' does not describe the simultaneous occurrence of values of multiple causal variables. It appears to be a general term related to the formation of a gate oxide layer, but it does not provide specific information about the dielectric material deposition method or the dielectric material used."
Laser Annealing,"['Photoresist Removal Method', 'Wafer Cleaning Method']",False,False,llama3-70b,llama3-8b,semiconductor manufacturing,"The text 'Laser Annealing' does not describe the simultaneous occurrence of values of multiple causal variables. It is a specific process in semiconductor manufacturing, and does not mention the 'Photoresist Removal Method' or 'Wafer Cleaning Method'."
Plasma Enhanced Chemical Vapor Deposition,"['Gate Dielectric Material', 'Gate Oxide Formation Method']",False,False,llama3-70b,llama3-8b,semiconductor manufacturing,"The text 'Plasma Enhanced Chemical Vapor Deposition' does not describe the values of the causal variables 'Gate Dielectric Material' and 'Gate Oxide Formation Method'. Instead, it is a general term that describes a deposition process, which is not related to the specific variables provided."
Natural Language Processing Algorithm,"['Algorithm Type', 'Algorithm Application']",True,False,llama3-70b,llama3-8b,computer science,"The text 'Natural Language Processing Algorithm' does not describe the simultaneous occurrence of values of multiple causal variables. It is a general term that describes a type of algorithm, but it does not provide specific values for the variables 'Algorithm Type' and 'Algorithm Application'."
Cloud-Based Data Storage,"['Data Storage Location', 'Data Storage Type']",True,False,llama3-70b,llama3-8b,computer science,"The text 'Cloud-Based Data Storage' does not describe the simultaneous occurrence of different values of both 'Data Storage Location' and 'Data Storage Type'. It only describes a type of data storage, which is a single value for 'Data Storage Type'. The value of 'Data Storage Location' is not specified."
Real-Time Data Analytics,"['Data Analytics Speed', 'Data Analytics Type']",True,False,llama3-70b,llama3-8b,computer science,"The text 'Real-Time Data Analytics' does not provide information about the values of 'Data Analytics Speed' and 'Data Analytics Type'. It only mentions the concept of real-time data analytics, which is a type of data analytics. Therefore, it does not belong to both causal variables."
Artificial Intelligence Decision Support,"['Decision Support Method', 'Decision Support Type']",True,False,llama3-70b,llama3-8b,computer science,"The text 'Artificial Intelligence Decision Support' does not describe the simultaneous occurrence of values of both 'Decision Support Method' and 'Decision Support Type'. It appears to be a general term that encompasses a broad range of decision support systems, without specifying the method or type used."
Real-Time Data Processing,"['Data Processing Speed', 'Data Processing Type']",True,False,llama3-70b,llama3-8b,computer science,"The text 'Real-Time Data Processing' does not describe the simultaneous occurrence of values for both 'Data Processing Speed' and 'Data Processing Type'. It is a general term that refers to the processing of data in real-time, but it does not provide specific values for the variables."
High-Performance Computing Cluster,"['Computing System Type', 'Computing System Architecture']",True,True,llama3-70b,llama3-8b,computer science,"The text describes a specific type of computing system architecture, which is a combination of the causal variables 'Computing System Type' and 'Computing System Architecture'."
Cybersecurity Threat Detection,"['Threat Detection Method', 'Threat Detection Type']",True,True,llama3-70b,llama3-8b,computer science,"The text 'Cybersecurity Threat Detection' describes the simultaneous occurrence of multiple causal variables, specifically 'Threat Detection Method' and 'Threat Detection Type'."
Cloud-Based Software Development,"['Software Development Environment', 'Software Development Method']",True,True,llama3-70b,llama3-8b,computer science,The text 'Cloud-Based Software Development' describes the simultaneous occurrence of different values of the causal variables 'Software Development Environment' and 'Software Development Method'. The text indicates that the software development is being done in a cloud-based environment and is based on a specific method.
Distributed Database System,"['Database System Type', 'Database System Architecture']",True,True,llama3-70b,llama3-8b,computer science,"The text describes a specific type of database system architecture, which is a simultaneous occurrence of values for both causal variables."
Machine Learning Model Training,"['Model Training Method', 'Model Training Type']",True,True,llama3-70b,llama3-8b,computer science,"The text 'Machine Learning Model Training' describes the simultaneous occurrence of multiple causal variables, specifically 'Model Training Method' and 'Model Training Type'."
Natural Language Processing Algorithm,"['Data Analytics Speed', 'Data Analytics Type']",False,False,llama3-70b,llama3-8b,computer science,"The text 'Natural Language Processing Algorithm' does not describe the simultaneous occurrence of values of multiple causal variables. It appears to be a general term describing a type of algorithm, rather than a specific combination of values for the variables 'Data Analytics Speed' and 'Data Analytics Type'."
Cloud-Based Data Storage,"['Database System Type', 'Database System Architecture']",False,True,llama3-70b,llama3-8b,computer science,The text 'Cloud-Based Data Storage' describes the simultaneous occurrence of 'Cloud' as a value of 'Database System Type' and 'Distributed' as a value of 'Database System Architecture'.
Artificial Intelligence Decision Support,"['Data Storage Location', 'Data Storage Type']",False,False,llama3-70b,llama3-8b,computer science,The text does not describe the simultaneous occurrence of values of the causal variables 'Data Storage Location' and 'Data Storage Type'. The text is a general term that does not provide specific information about the values of these variables.
Real-Time Data Processing,"['Threat Detection Method', 'Threat Detection Type']",False,False,llama3-70b,llama3-8b,computer science,The text 'Real-Time Data Processing' does not describe the values of the causal variables 'Threat Detection Method' and 'Threat Detection Type'. The text is a general concept and does not provide specific information about the values of these variables.
High-Performance Computing Cluster,"['Database System Type', 'Database System Architecture']",False,False,llama3-70b,llama3-8b,computer science,"The text does not describe the values of both causal variables. It only describes a type of computing cluster, which is not related to the specific variables provided."
Cybersecurity Threat Detection,"['Data Processing Speed', 'Data Processing Type']",False,False,llama3-70b,llama3-8b,computer science,"The text 'Cybersecurity Threat Detection' does not describe the simultaneous occurrence of values of multiple causal variables. It appears to be a general topic or concept, rather than a specific interaction between 'Data Processing Speed' and 'Data Processing Type'."
Cloud-Based Data Storage,"['Data Analytics Speed', 'Data Analytics Type']",False,True,llama3-70b,llama3-8b,computer science,"The text 'Cloud-Based Data Storage' does not provide specific values for 'Data Analytics Speed' and 'Data Analytics Type', but it does describe a scenario where both variables are relevant. Therefore, it is predicted to be an interaction value."
Cloud-Based Software Development,"['Data Processing Speed', 'Data Processing Type']",False,True,llama3-70b,llama3-8b,computer science,"The text 'Cloud-Based Software Development' does not provide specific values for 'Data Processing Speed' and 'Data Processing Type', but it is related to the concept of cloud-based software development, which involves processing data in the cloud. Therefore, it is considered an interaction value."
Cybersecurity Threat Detection,"['Model Training Method', 'Model Training Type']",False,False,llama3-70b,llama3-8b,computer science,"The text 'Cybersecurity Threat Detection' does not describe the simultaneous occurrence of values of multiple causal variables. It appears to be a general topic or concept, rather than a specific interaction between the variables 'Model Training Method' and 'Model Training Type'."
Artificial Intelligence Decision Support,"['Model Training Method', 'Model Training Type']",False,False,llama3-70b,llama3-8b,computer science,The text 'Artificial Intelligence Decision Support' does not describe the simultaneous occurrence of values of multiple causal variables. It appears to be a general term that describes a concept rather than a specific combination of values for the variables 'Model Training Method' and 'Model Training Type'.
Community Volunteering,"['Civic Engagement', 'Social Capital']",True,True,llama3-70b,llama3-8b,sociology,"The text 'Community Volunteering' suggests that individuals are engaging in community activities, which is a form of civic engagement. This activity likely strengthens social bonds and increases social capital within the community. Therefore, the text describes high values for both 'Civic Engagement' and 'Social Capital'."
Cultural Festivals,"['Cultural Identity', 'Social Integration']",True,True,llama3-70b,llama3-8b,sociology,"The text 'Cultural Festivals' is related to both 'Cultural Identity' and 'Social Integration', indicating an interaction between the two variables."
Youth Mentorship,"['Social Support', 'Human Capital']",True,True,llama3-70b,llama3-8b,sociology,"The text 'Youth Mentorship' describes the simultaneous occurrence of high values of both 'Social Support' and 'Human Capital', indicating an interaction between the two variables."
Neighborhood Revitalization,"['Urban Development', 'Community Empowerment']",True,True,llama3-70b,llama3-8b,sociology,"The text 'Neighborhood Revitalization' describes a concept that is related to both 'Urban Development' and 'Community Empowerment'. The text does not provide specific values for these variables, but it is likely that the revitalization of a neighborhood would involve both urban development initiatives and community empowerment efforts."
Community Arts,"['Cultural Expression', 'Social Cohesion']",True,False,llama3-70b,llama3-8b,sociology,"The text 'Community Arts' does not describe the simultaneous occurrence of values of both 'Cultural Expression' and 'Social Cohesion'. It appears to be a general term that encompasses various forms of artistic expression, but does not provide specific information about the causal relationships between cultural expression and social cohesion."
Faith-Based Organizations,"['Religious Identity', 'Social Services']",True,False,llama3-70b,llama3-8b,sociology,"The text 'Faith-Based Organizations' does not describe the simultaneous occurrence of values of both 'Religious Identity' and 'Social Services'. It appears to be a general term that encompasses organizations that are based on religious beliefs, but it does not provide specific information about the religious identity of the organization or the social services it provides."
Intergenerational Programs,"['Intergenerational Relationships', 'Social Learning']",True,True,llama3-70b,llama3-8b,sociology,The text 'Intergenerational Programs' describes the simultaneous occurrence of the causal variables 'Intergenerational Relationships' and 'Social Learning'.
Family Reunions,"['Family Structure', 'Social Bonding']",True,True,llama3-70b,llama3-8b,sociology,"The text 'Family Reunions' describes the simultaneous occurrence of different values of the causal variables 'Family Structure' and 'Social Bonding'. The text suggests that family reunions are a way to strengthen social bonds within a family, which is influenced by the family structure."
Environmental Activism,"['Environmental Awareness', 'Collective Action']",True,True,llama3-70b,llama3-8b,sociology,"The text 'Environmental Activism' suggests that both 'Environmental Awareness' and 'Collective Action' are present and contributing to the outcome. The text implies that individuals are aware of environmental issues and are taking collective action to address them, which is a common characteristic of environmental activism."
Neighborhood Watch,"['Community Cohesion', 'Crime Prevention']",True,True,llama3-70b,llama3-8b,sociology,"The text 'Neighborhood Watch' suggests a high level of community cohesion and effective crime prevention measures, indicating a simultaneous occurrence of high values for both causal variables."
Community Volunteering,"['Religious Identity', 'Social Services']",False,False,llama3-70b,llama3-8b,sociology,"The text 'Community Volunteering' does not seem to be related to the causal variables 'Religious Identity' and 'Social Services'. The text appears to be a general term that refers to volunteering in the community, which does not necessarily involve religious identity or social services."
Cultural Festivals,"['Intergenerational Relationships', 'Social Learning']",False,True,llama3-70b,llama3-8b,sociology,"The text 'Cultural Festivals' describes the simultaneous occurrence of cultural festivals, which can be influenced by both intergenerational relationships (e.g., passing down cultural traditions) and social learning (e.g., learning cultural practices through observation and imitation)."
Cultural Festivals,"['Civic Engagement', 'Social Capital']",False,False,llama3-70b,llama3-8b,sociology,"The text 'Cultural Festivals' does not describe the simultaneous occurrence of values of multiple causal variables. It is a general term that refers to a type of event, but it does not provide information about the values of 'Civic Engagement' or 'Social Capital'."
Youth Mentorship,"['Cultural Expression', 'Social Cohesion']",False,True,llama3-70b,llama3-8b,sociology,"The text 'Youth Mentorship' does not explicitly mention the values of 'Cultural Expression' and 'Social Cohesion', but it is likely that the mentorship program is aimed at promoting cultural expression and social cohesion among youth."
Neighborhood Revitalization,"['Intergenerational Relationships', 'Social Learning']",False,False,llama3-70b,llama3-8b,sociology,"The text 'Neighborhood Revitalization' does not describe the simultaneous occurrence of values of both 'Intergenerational Relationships' and 'Social Learning'. The text appears to be a general concept or initiative, rather than a specific interaction between the two variables."
Community Arts,"['Urban Development', 'Community Empowerment']",False,False,llama3-70b,llama3-8b,sociology,"The text 'Community Arts' does not describe the simultaneous occurrence of values of multiple causal variables. It appears to be a general term that refers to a type of art or cultural activity, rather than a specific combination of urban development and community empowerment."
Cultural Festivals,"['Social Support', 'Human Capital']",False,False,llama3-70b,llama3-8b,sociology,"The text 'Cultural Festivals' does not describe the simultaneous occurrence of values of both causal variables 'Social Support' and 'Human Capital'. The text only describes a cultural event, which is not related to the causal variables provided."
Faith-Based Organizations,"['Environmental Awareness', 'Collective Action']",False,False,llama3-70b,llama3-8b,sociology,The text 'Faith-Based Organizations' does not seem to relate to the causal variables 'Environmental Awareness' and 'Collective Action'. The text appears to be a general term that does not describe the simultaneous occurrence of values of the given causal variables.
Community Volunteering,"['Family Structure', 'Social Bonding']",False,False,llama3-70b,llama3-8b,sociology,"The text 'Community Volunteering' does not describe the simultaneous occurrence of values of both 'Family Structure' and 'Social Bonding'. The text only mentions community volunteering, which is a type of social activity, but it does not provide information about family structure or social bonding."
Faith-Based Organizations,"['Intergenerational Relationships', 'Social Learning']",False,False,llama3-70b,llama3-8b,sociology,"The text 'Faith-Based Organizations' does not describe the simultaneous occurrence of values of both 'Intergenerational Relationships' and 'Social Learning'. The text appears to be a general term that refers to organizations that are based on religious beliefs, but it does not provide specific information about the relationships between generations or social learning."
Neurofeedback Training,"['Brain Function', 'Self-Regulation', 'Cognitive Ability']",True,False,llama3-70b,llama3-8b,psychology,"The text 'Neurofeedback Training' does not describe the simultaneous occurrence of values of multiple causal variables. It is a type of training that aims to improve brain function, self-regulation, and cognitive ability, but it does not provide specific values for these variables."
Social Media Addiction,"['Addictive Behavior', 'Mental Health', 'Coping Mechanism']",True,False,llama3-70b,llama3-8b,psychology,"The text 'Social Media Addiction' does not describe the simultaneous occurrence of values of multiple causal variables. It is a general term that describes a phenomenon, but it does not provide specific information about the values of 'Addictive Behavior', 'Mental Health', or 'Coping Mechanism'."
Cognitive Bias,"['Information Processing', 'Decision Making', 'Error Detection']",True,True,llama3-70b,llama3-8b,psychology,"Cognitive Bias is a phenomenon that occurs when an individual's judgment is influenced by external factors, such as information processing biases, during the decision-making process. This can lead to errors in detecting potential biases. The text describes the simultaneous occurrence of biases in information processing, decision making, and error detection, making it an interaction value."
Emotional Intelligence,"['Self-Awareness', 'Empathy', 'Social Skills']",True,False,llama3-70b,llama3-8b,psychology,"The text 'Emotional Intelligence' does not describe the simultaneous occurrence of values of multiple causal variables. It is a general term that encompasses various aspects of emotional intelligence, but it does not provide specific values for the variables 'Self-Awareness', 'Empathy', and 'Social Skills'."
Peer Pressure,"['Social Influence', 'Risk Taking', 'Identity Formation']",True,False,llama3-70b,llama3-8b,psychology,"The text 'Peer Pressure' primarily focuses on the influence of peers on an individual's behavior, which is related to 'Social Influence'. It does not explicitly mention 'Risk Taking' or 'Identity Formation', so it does not belong to all causal variables."
Traumatic Experience,"['Stress Response', 'Emotional Regulation', 'Memory Formation']",True,True,llama3-70b,llama3-8b,psychology,"The traumatic experience is likely to trigger a strong stress response, impair emotional regulation, and disrupt memory formation, making it an interaction value that affects multiple causal variables."
Mindfulness Practice,"['Attention Control', 'Emotional Regulation', 'Self-Awareness']",True,True,llama3-70b,llama3-8b,psychology,"Mindfulness practice is a technique that requires attention control to focus on the present moment, emotional regulation to manage emotions, and self-awareness to recognize thoughts and emotions."
Emotional Support,"['Social Connection', 'Stress Reduction', 'Mental Health']",True,True,llama3-70b,llama3-8b,psychology,"The text 'Emotional Support' is related to all the causal variables 'Social Connection', 'Stress Reduction', and 'Mental Health', indicating an interaction value."
Learning Disability,"['Cognitive Ability', 'Academic Achievement', 'Neuroplasticity']",True,False,llama3-70b,llama3-8b,psychology,"The text 'Learning Disability' does not describe the simultaneous occurrence of values of multiple causal variables. It is a specific condition that may be caused by a combination of factors, but it is not an interaction value."
Group Therapy,"['Social Support', 'Coping Mechanism', 'Mental Health']",True,True,llama3-70b,llama3-8b,psychology,"Group therapy is a form of therapy where individuals with similar issues or concerns come together to share their experiences and support one another. This type of therapy provides social support, which can help individuals develop effective coping mechanisms and improve their mental health."
Neurofeedback Training,"['Social Connection', 'Stress Reduction', 'Mental Health']",False,False,llama3-70b,llama3-8b,psychology,"The text 'Neurofeedback Training' does not describe the simultaneous occurrence of values of multiple causal variables. It is a type of training that focuses on brain activity, and does not explicitly mention the variables 'Social Connection', 'Stress Reduction', or 'Mental Health'."
Neurofeedback Training,"['Self-Awareness', 'Empathy', 'Social Skills']",False,False,llama3-70b,llama3-8b,psychology,"The text 'Neurofeedback Training' does not describe the simultaneous occurrence of values of multiple causal variables. It is a type of training that focuses on brain activity, and does not directly relate to the variables 'Self-Awareness', 'Empathy', and 'Social Skills'."
Neurofeedback Training,"['Social Influence', 'Risk Taking', 'Identity Formation']",False,False,llama3-70b,llama3-8b,psychology,"The text 'Neurofeedback Training' does not seem to be related to any of the provided causal variables 'Social Influence', 'Risk Taking', and 'Identity Formation'. Neurofeedback training is a type of training that involves using real-time brain activity feedback to teach self-regulation of brain function, and it does not appear to be directly related to the provided variables."
Social Media Addiction,"['Brain Function', 'Self-Regulation', 'Cognitive Ability']",False,False,llama3-70b,llama3-8b,psychology,"The text 'Social Media Addiction' does not describe the simultaneous occurrence of values of multiple causal variables. It is a phenomenon that can be influenced by various factors, but the text itself does not provide specific values for the variables 'Brain Function', 'Self-Regulation', and 'Cognitive Ability'."
Emotional Intelligence,"['Social Connection', 'Stress Reduction', 'Mental Health']",False,False,llama3-70b,llama3-8b,psychology,"The text 'Emotional Intelligence' does not describe the simultaneous occurrence of values of multiple causal variables. It is a concept that refers to the ability to recognize and understand emotions in oneself and others, and to use this awareness to guide thought and behavior. It does not directly relate to the variables 'Social Connection', 'Stress Reduction', and 'Mental Health'."
Neurofeedback Training,"['Information Processing', 'Decision Making', 'Error Detection']",False,True,llama3-70b,llama3-8b,psychology,"The text 'Neurofeedback Training' does not provide specific values for the causal variables 'Information Processing', 'Decision Making', and 'Error Detection'. It is a general term that describes a type of training, but it does not provide specific information about the values of these variables."
Peer Pressure,"['Brain Function', 'Self-Regulation', 'Cognitive Ability']",False,False,llama3-70b,llama3-8b,psychology,"The text 'Peer Pressure' does not describe the simultaneous occurrence of values of multiple causal variables. Peer pressure is a social influence that can affect an individual's behavior, but it does not directly relate to the variables 'Brain Function', 'Self-Regulation', and 'Cognitive Ability'. These variables are more related to cognitive and psychological processes, whereas peer pressure is a social phenomenon."
Traumatic Experience,"['Attention Control', 'Emotional Regulation', 'Self-Awareness']",False,False,llama3-70b,llama3-8b,psychology,"The text 'Traumatic Experience' does not describe the simultaneous occurrence of values of multiple causal variables. It is a singular event or experience that may have an impact on the causal variables, but it does not provide information about the specific values of 'Attention Control', 'Emotional Regulation', and 'Self-Awareness'."
Traumatic Experience,"['Social Influence', 'Risk Taking', 'Identity Formation']",False,False,llama3-70b,llama3-8b,psychology,"The text 'Traumatic Experience' does not describe the simultaneous occurrence of values of multiple causal variables. It is a singular event or experience that may have an impact on an individual's life, but it does not involve the interaction of the specified causal variables."
Emotional Intelligence,"['Social Support', 'Coping Mechanism', 'Mental Health']",False,False,llama3-70b,llama3-8b,psychology,"The text 'Emotional Intelligence' does not describe the simultaneous occurrence of values of multiple causal variables. It is a concept that refers to the ability to recognize and understand emotions in oneself and others, and to use this awareness to guide thought and behavior. It does not directly relate to the causal variables 'Social Support', 'Coping Mechanism', and 'Mental Health'."
Demographic Shifts,"['Labor Market', 'Consumer Behavior', 'Economic Growth']",True,False,llama3-70b,llama3-8b,finance,"The text 'Demographic Shifts' does not describe the simultaneous occurrence of values of multiple causal variables. It appears to be a general term that refers to changes in the population's characteristics, which may affect various aspects of the economy, but it does not provide specific values for the variables 'Labor Market', 'Consumer Behavior', and 'Economic Growth'."
Mergers and Acquisitions,"['Corporate Strategy', 'Financial Performance', 'Market Trends']",True,False,llama3-70b,llama3-8b,finance,"The text 'Mergers and Acquisitions' does not describe the simultaneous occurrence of values of multiple causal variables. It is a general term that refers to a specific type of corporate event, but it does not provide information about the values of 'Corporate Strategy', 'Financial Performance', or 'Market Trends'."
Currency Fluctuations,"['Exchange Rates', 'International Trade', 'Financial Markets']",True,True,llama3-70b,llama3-8b,finance,"The text 'Currency Fluctuations' describes the simultaneous occurrence of values of multiple causal variables, specifically 'Exchange Rates', 'International Trade', and 'Financial Markets'."
Regulatory Changes,"['Compliance Requirements', 'Risk Management', 'Industry Standards']",True,False,llama3-70b,llama3-8b,finance,"The text 'Regulatory Changes' does not describe the simultaneous occurrence of values of multiple causal variables. It is a general term that encompasses various regulatory requirements, but it does not provide specific values for the variables 'Compliance Requirements', 'Risk Management', and 'Industry Standards'."
Geopolitical Tensions,"['Political Risk', 'International Relations', 'Financial Markets']",True,False,llama3-70b,llama3-8b,finance,"The text 'Geopolitical Tensions' does not seem to be related to all the causal variables provided. Geopolitical tensions can be influenced by political risk and international relations, but it is not directly related to financial markets. Therefore, it does not belong to all the causal variables."
Fiscal Policy Changes,"['Government Spending', 'Taxation', 'Economic Growth']",True,False,llama3-70b,llama3-8b,finance,"The text 'Fiscal Policy Changes' does not describe the simultaneous occurrence of values of multiple causal variables. It is a general term that refers to changes in government spending and taxation, but it does not provide specific values for these variables or their relationship to economic growth."
Environmental Concerns,"['Sustainability', 'Risk Management', 'Regulatory Requirements']",True,False,llama3-70b,llama3-8b,finance,"The text 'Environmental Concerns' does not describe the simultaneous occurrence of values of multiple causal variables. It is a general term that encompasses various aspects of environmental issues, but it does not provide specific values for the variables 'Sustainability', 'Risk Management', and 'Regulatory Requirements'."
Global Economic Downturn,"['Economic Indicators', 'Financial Performance', 'Market Trends']",True,False,llama3-70b,llama3-8b,finance,"The text 'Global Economic Downturn' does not describe the simultaneous occurrence of different values of multiple causal variables. It is a general term that describes a macroeconomic event, but it does not provide specific values for the variables 'Economic Indicators', 'Financial Performance', and 'Market Trends'."
Central Bank Intervention,"['Monetary Policy', 'Economic Indicators', 'Financial Markets']",True,True,llama3-70b,llama3-8b,finance,"The text 'Central Bank Intervention' suggests that the Central Bank is intervening in the economy, which is likely to affect Monetary Policy, Economic Indicators, and Financial Markets simultaneously."
Technological Disruption,"['Innovation', 'Operational Efficiency', 'Competitive Landscape']",True,True,llama3-70b,llama3-8b,finance,"The concept of Technological Disruption suggests that technological advancements can disrupt the status quo, leading to changes in innovation, operational efficiency, and the competitive landscape. This text belongs to all the causal variables, indicating an interaction value."
Demographic Shifts,"['Government Spending', 'Taxation', 'Economic Growth']",False,False,llama3-70b,llama3-8b,finance,"The text 'Demographic Shifts' does not describe the simultaneous occurrence of values of the causal variables 'Government Spending', 'Taxation', and 'Economic Growth'. The text appears to be a general term that refers to changes in the population's characteristics, which is not directly related to the specified causal variables."
Mergers and Acquisitions,"['Labor Market', 'Consumer Behavior', 'Economic Growth']",False,False,llama3-70b,llama3-8b,finance,"The text 'Mergers and Acquisitions' does not describe the simultaneous occurrence of values of multiple causal variables. It is a general term that refers to the consolidation of companies, which is not directly related to the specified causal variables."
Currency Fluctuations,"['Government Spending', 'Taxation', 'Economic Growth']",False,False,llama3-70b,llama3-8b,finance,"The text 'Currency Fluctuations' does not describe the simultaneous occurrence of values of the causal variables 'Government Spending', 'Taxation', and 'Economic Growth'. Currency fluctuations are a macroeconomic phenomenon that can be influenced by various factors, but the text itself does not provide information about the specific values of these variables."
Demographic Shifts,"['Compliance Requirements', 'Risk Management', 'Industry Standards']",False,False,llama3-70b,llama3-8b,finance,"The text 'Demographic Shifts' does not seem to be related to the causal variables 'Compliance Requirements', 'Risk Management', and 'Industry Standards'. The text appears to be discussing a change in the population's characteristics, which is not directly related to the variables provided."
Regulatory Changes,"['Monetary Policy', 'Economic Indicators', 'Financial Markets']",False,False,llama3-70b,llama3-8b,finance,"The text 'Regulatory Changes' does not seem to be related to any of the provided causal variables, which are 'Monetary Policy', 'Economic Indicators', and 'Financial Markets'. Regulatory changes can be related to various aspects of the economy, but without more context, it's difficult to pinpoint a specific causal relationship."
Regulatory Changes,"['Corporate Strategy', 'Financial Performance', 'Market Trends']",False,False,llama3-70b,llama3-8b,finance,"The text 'Regulatory Changes' does not seem to be related to any of the provided causal variables 'Corporate Strategy', 'Financial Performance', and 'Market Trends'. Regulatory changes are a broad concept that can affect various aspects of a company, but it does not directly relate to the specific variables provided."
Fiscal Policy Changes,"['Monetary Policy', 'Economic Indicators', 'Financial Markets']",False,False,llama3-70b,llama3-8b,finance,"The text 'Fiscal Policy Changes' does not belong to all causal variables. Fiscal policy is a separate concept from monetary policy, economic indicators, and financial markets. It is a type of government spending and taxation that is used to influence the overall level of economic activity."
Currency Fluctuations,"['Sustainability', 'Risk Management', 'Regulatory Requirements']",False,False,llama3-70b,llama3-8b,finance,"The text 'Currency Fluctuations' does not describe the values of the causal variables 'Sustainability', 'Risk Management', and 'Regulatory Requirements'. Currency fluctuations are a financial phenomenon that is not directly related to these variables. The text does not provide information about the values of these variables, so it is not an interaction value."
Mergers and Acquisitions,"['Compliance Requirements', 'Risk Management', 'Industry Standards']",False,False,llama3-70b,llama3-8b,finance,"The text 'Mergers and Acquisitions' does not describe the simultaneous occurrence of values of multiple causal variables. It is a general term that encompasses various aspects of corporate finance, but it does not provide specific values for the causal variables 'Compliance Requirements', 'Risk Management', and 'Industry Standards'."
Demographic Shifts,"['Sustainability', 'Risk Management', 'Regulatory Requirements']",False,False,llama3-70b,llama3-8b,finance,"The text 'Demographic Shifts' does not seem to be related to any of the provided causal variables ('Sustainability', 'Risk Management', 'Regulatory Requirements'). The term 'Demographic Shifts' typically refers to changes in population demographics, which is not directly related to the fields of sustainability, risk management, or regulatory requirements."
Transit-Oriented Development,"['Urban Planning', 'Transportation']",True,True,mixtral-8x22b-instruct,llama3-8b,urban studies,"The text 'Transit-Oriented Development' describes a concept that combines urban planning and transportation, specifically focusing on mixed-use development and public transportation. This indicates that the text belongs to both causal variables, making it an interaction value."
Urban Resilience,"['Disaster Risk Reduction', 'Urban Planning']",True,False,mixtral-8x22b-instruct,llama3-8b,urban studies,"The text 'Urban Resilience' does not explicitly describe the values of both 'Disaster Risk Reduction' and 'Urban Planning' simultaneously. Urban resilience is a concept that encompasses various aspects of a city's ability to withstand and recover from disasters, but it does not provide specific information about the values of these two variables."
Gentrification,"['Neighborhood Change', 'Demographic Shift']",True,False,mixtral-8x22b-instruct,llama3-8b,urban studies,"The text 'Gentrification' only describes a phenomenon related to urban development, but it does not provide information about the values of 'Neighborhood Change' and 'Demographic Shift'. Gentrification is a process of neighborhood change, but it does not specify the exact changes or demographic shifts that occur."
Smart City Initiatives,"['Urban Governance', 'Technology']",True,True,mixtral-8x22b-instruct,llama3-8b,urban studies,"The text 'Smart City Initiatives' belongs to both causal variables 'Urban Governance' and 'Technology', indicating an interaction value."
Green Infrastructure,"['Urban Ecosystem Services', 'Urban Design']",True,False,mixtral-8x22b-instruct,llama3-8b,urban studies,"The text 'Green Infrastructure' does not describe the simultaneous occurrence of values of both 'Urban Ecosystem Services' and 'Urban Design'. Green Infrastructure is a type of urban design that provides ecosystem services, but it does not necessarily imply a specific value for 'Urban Ecosystem Services' or 'Urban Design'."
Urban Agriculture,"['Food Production', 'Land Use']",True,True,mixtral-8x22b-instruct,llama3-8b,urban studies,"The text 'Urban Agriculture' suggests that food production is happening in urban areas, which implies a high value for 'Food Production' and 'Urban' value for 'Land Use'."
Adaptive Reuse,"['Historic Preservation', 'Urban Development']",True,True,mixtral-8x22b-instruct,llama3-8b,urban studies,"The text 'Adaptive Reuse' suggests that the values of both 'Historic Preservation' and 'Urban Development' are 'Yes', indicating that the text describes the simultaneous occurrence of these two causal variables."
Urban Heat Island Effect,"['Urban Climate', 'Land Cover']",True,True,mixtral-8x22b-instruct,llama3-8b,urban studies,"The Urban Heat Island Effect is a phenomenon where built-up areas with impervious surfaces, such as roads and buildings, absorb and retain heat, leading to higher temperatures than surrounding rural areas. This is an interaction between the urban climate and land cover, as the urban environment affects the local climate and the type of land cover (impervious surfaces) contributes to the heat island effect."
Suburban Sprawl,"['Urbanization Pattern', 'Land Use']",True,False,mixtral-8x22b-instruct,llama3-8b,urban studies,"The text 'Suburban Sprawl' does not describe the simultaneous occurrence of different values of multiple causal variables. It is a concept that refers to the spread of urban development and housing beyond the city center, but it does not provide specific values for 'Urbanization Pattern' and 'Land Use'."
Mixed-Use Development,"['Land Use', 'Urban Form']",True,True,mixtral-8x22b-instruct,llama3-8b,urban studies,"The text 'Mixed-Use Development' suggests that the land use is mixed, with different activities and land uses co-located, and the urban form is compact, with a high density of development. This indicates that the text belongs to both 'Land Use' and 'Urban Form' variables, and the values are 'Mixed' and 'Compact' respectively."
Transit-Oriented Development,"['Urbanization Pattern', 'Land Use']",False,True,mixtral-8x22b-instruct,llama3-8b,urban studies,"The concept of Transit-Oriented Development (TOD) is closely related to urbanization patterns and land use. TOD is a planning approach that aims to create mixed-use developments with a mix of residential, commercial, and recreational spaces, often in a compact and walkable format. This approach is typically implemented in areas with high population density and a strong public transportation system, which is a characteristic of mixed urbanization patterns. The compact and walkable nature of TOD also requires a specific land use pattern, where different uses are integrated and accessible on foot or by public transportation."
Urban Resilience,"['Urban Climate', 'Land Cover']",False,False,mixtral-8x22b-instruct,llama3-8b,urban studies,"The text 'Urban Resilience' does not describe the simultaneous occurrence of values of multiple causal variables. It is a general term that refers to the ability of a city to withstand and recover from disruptions, and does not provide specific information about the values of 'Urban Climate' and 'Land Cover'."
Gentrification,"['Disaster Risk Reduction', 'Urban Planning']",False,False,mixtral-8x22b-instruct,llama3-8b,urban studies,"The text 'Gentrification' does not describe the simultaneous occurrence of values of multiple causal variables 'Disaster Risk Reduction' and 'Urban Planning'. Gentrification is a process of urban renewal and transformation, and it is not directly related to disaster risk reduction or urban planning. The text does not provide any information about the values of these variables."
Smart City Initiatives,"['Urban Climate', 'Land Cover']",False,False,mixtral-8x22b-instruct,llama3-8b,urban studies,"The text 'Smart City Initiatives' does not describe the simultaneous occurrence of values of multiple causal variables. It appears to be a general term that encompasses various initiatives aimed at improving urban living, but it does not provide specific information about the values of 'Urban Climate' and 'Land Cover'."
Green Infrastructure,"['Urbanization Pattern', 'Land Use']",False,True,mixtral-8x22b-instruct,llama3-8b,urban studies,"The text 'Green Infrastructure' does not provide specific values for the causal variables 'Urbanization Pattern' and 'Land Use', but it is related to the concept of urban planning and development, which is influenced by these variables."
Urban Agriculture,"['Disaster Risk Reduction', 'Urban Planning']",False,False,mixtral-8x22b-instruct,llama3-8b,urban studies,"The text 'Urban Agriculture' does not belong to both causal variables 'Disaster Risk Reduction' and 'Urban Planning'. Urban Agriculture is a practice of growing plants in urban areas, which is not directly related to Disaster Risk Reduction or Urban Planning."
Urban Agriculture,"['Neighborhood Change', 'Demographic Shift']",False,False,mixtral-8x22b-instruct,llama3-8b,urban studies,"The text 'Urban Agriculture' does not describe the simultaneous occurrence of values of multiple causal variables 'Neighborhood Change' and 'Demographic Shift'. Urban Agriculture is a concept that refers to the practice of growing plants and raising animals within urban areas, and it does not inherently relate to the variables 'Neighborhood Change' and 'Demographic Shift'."
Smart City Initiatives,"['Urban Planning', 'Transportation']",False,True,mixtral-8x22b-instruct,llama3-8b,urban studies,"The text 'Smart City Initiatives' belongs to both causal variables 'Urban Planning' and 'Transportation', indicating an interaction value."
Adaptive Reuse,"['Urban Climate', 'Land Cover']",False,True,mixtral-8x22b-instruct,llama3-8b,urban studies,"The text 'Adaptive Reuse' does not explicitly mention specific values for 'Urban Climate' and 'Land Cover'. It is a general concept related to the reuse of existing buildings, which does not provide information about the values of these variables."
Urban Heat Island Effect,"['Food Production', 'Land Use']",False,False,mixtral-8x22b-instruct,llama3-8b,urban studies,"The Urban Heat Island Effect is a phenomenon where built-up areas absorb and retain heat, causing temperatures to rise. This is not directly related to food production or land use. The text does not belong to the causal variables provided."
Wave-particle duality,"['Particle nature', 'Wave nature']",True,True,mixtral-8x22b-instruct,llama3-8b,physics,"The concept of wave-particle duality suggests that particles, such as electrons, can exhibit both wave-like and particle-like behavior. This phenomenon is often demonstrated through experiments such as the double-slit experiment."
Superconductivity,"['Electrical resistance', 'Magnetic field expulsion']",True,True,mixtral-8x22b-instruct,llama3-8b,physics,"Superconductivity is a phenomenon where a material exhibits zero electrical resistance and expels magnetic fields. This text describes the simultaneous occurrence of zero electrical resistance and magnetic field expulsion, which is an interaction value."
Quantum entanglement,"['Particle correlation', 'Measurement outcome']",True,True,mixtral-8x22b-instruct,llama3-8b,physics,"Quantum entanglement is a phenomenon where two or more particles become correlated in such a way that the state of one particle cannot be described independently of the others, even when they are separated by large distances. This correlation is a result of the entangled particles' shared measurement outcome, which is unknown until observed."
Electromagnetic induction,"['Magnetic field', 'Electric current']",True,True,mixtral-8x22b-instruct,llama3-8b,physics,"The text 'Electromagnetic induction' describes the simultaneous occurrence of non-zero values of both 'Magnetic field' and 'Electric current', which is an interaction between the two causal variables."
Photon absorption and emission,"['Electron energy levels', 'Photon energy']",True,True,mixtral-8x22b-instruct,llama3-8b,physics,"The text describes the simultaneous occurrence of photon absorption and emission, which is an interaction between the energy levels of electrons and the energy of photons."
Radioactive decay,"['Nuclear stability', 'Radiation emission']",True,True,mixtral-8x22b-instruct,llama3-8b,physics,"Radioactive decay is a process where unstable atomic nuclei lose energy by emitting radiation, which is a result of the instability in the nucleus. This process is closely related to both nuclear stability and radiation emission."
Nuclear fission,"['Nuclear energy', 'Nuclear waste']",True,False,mixtral-8x22b-instruct,llama3-8b,physics,"The text 'Nuclear fission' does not describe the simultaneous occurrence of values of both 'Nuclear energy' and 'Nuclear waste'. Nuclear fission is a process where an atomic nucleus splits into two or more smaller nuclei, releasing energy in the process. This text does not provide information about the values of 'Nuclear energy' or 'Nuclear waste'."
Phase transitions,"['Intermolecular forces', 'Physical state']",True,True,mixtral-8x22b-instruct,llama3-8b,physics,"The text 'Phase transitions' describes the simultaneous occurrence of strong intermolecular forces and a solid physical state, indicating an interaction value."
Black hole event horizon,"['Gravitational pull', 'Escape velocity']",True,False,mixtral-8x22b-instruct,llama3-8b,physics,"The text 'Black hole event horizon' does not describe the simultaneous occurrence of values of both 'Gravitational pull' and 'Escape velocity'. The event horizon is a concept in astrophysics that refers to the boundary beyond which nothing, including light, can escape the gravitational pull of a black hole. It does not provide information about the values of these two variables."
Solar radiation absorption,"['Temperature', 'Energy conversion']",True,True,mixtral-8x22b-instruct,llama3-8b,physics,"The text 'Solar radiation absorption' is related to both 'Temperature' and 'Energy conversion' variables, indicating an interaction between them."
Wave-particle duality,"['Magnetic field', 'Electric current']",False,False,mixtral-8x22b-instruct,llama3-8b,physics,"The concept of wave-particle duality is a fundamental idea in quantum mechanics that describes the behavior of particles, such as electrons, that can exhibit both wave-like and particle-like properties. This concept is not directly related to the variables 'Magnetic field' and 'Electric current', which are typically used to describe electromagnetic phenomena. Therefore, the text does not belong to all causal variables."
Superconductivity,"['Magnetic field', 'Electric current']",False,False,mixtral-8x22b-instruct,llama3-8b,physics,"The text 'Superconductivity' does not describe the simultaneous occurrence of different values of 'Magnetic field' and 'Electric current'. Superconductivity is a phenomenon that occurs when certain materials exhibit zero electrical resistance when cooled to very low temperatures, and it is not directly related to the values of magnetic field and electric current."
Wave-particle duality,"['Particle correlation', 'Measurement outcome']",False,True,mixtral-8x22b-instruct,llama3-8b,physics,"The concept of wave-particle duality suggests that particles, such as electrons, can exhibit both wave-like and particle-like behavior depending on how they are measured. This phenomenon is often demonstrated through experiments involving particle correlation and measurement outcome."
Quantum entanglement,"['Electron energy levels', 'Photon energy']",False,True,mixtral-8x22b-instruct,llama3-8b,physics,"Quantum entanglement is a phenomenon where the energy levels of electrons and photons become correlated, indicating a simultaneous occurrence of different values of both causal variables."
Electromagnetic induction,"['Gravitational pull', 'Escape velocity']",False,False,mixtral-8x22b-instruct,llama3-8b,physics,"Electromagnetic induction is a phenomenon that occurs when a conductor moves through a magnetic field, inducing an electric current. It is not related to gravitational pull or escape velocity, which are concepts from different domains of physics. Therefore, this text does not belong to all the provided causal variables."
Photon absorption and emission,"['Intermolecular forces', 'Physical state']",False,False,mixtral-8x22b-instruct,llama3-8b,physics,"The text 'Photon absorption and emission' does not describe the simultaneous occurrence of values of both causal variables 'Intermolecular forces' and 'Physical state'. The text only describes a physical phenomenon related to photons, which is not related to the causal variables provided."
Radioactive decay,"['Intermolecular forces', 'Physical state']",False,False,mixtral-8x22b-instruct,llama3-8b,physics,"Radioactive decay is a process that occurs at the atomic level, unrelated to intermolecular forces or physical state. It is a fundamental property of radioactive isotopes and does not depend on the strength of intermolecular forces or the physical state of a substance."
Superconductivity,"['Electron energy levels', 'Photon energy']",False,True,mixtral-8x22b-instruct,llama3-8b,physics,"The text 'Superconductivity' is related to the interaction between electron energy levels and photon energy, which is a fundamental concept in physics."
Quantum entanglement,"['Temperature', 'Energy conversion']",False,False,mixtral-8x22b-instruct,llama3-8b,physics,"Quantum entanglement is a phenomenon in quantum mechanics that describes the correlation between two or more particles. It is not directly related to the variables 'Temperature' and 'Energy conversion', which are more commonly associated with thermodynamics and energy transfer. Therefore, this text does not belong to both causal variables."
Nuclear fission,"['Particle nature', 'Wave nature']",False,False,mixtral-8x22b-instruct,llama3-8b,physics,"The text 'Nuclear fission' does not describe the simultaneous occurrence of both 'Particle nature' and 'Wave nature'. Nuclear fission is a process where atomic nuclei split into two or more smaller nuclei, which is related to the particle nature of particles. It does not involve the wave nature of particles."
Sedentary lifestyle and high-salt diet,"['Physical activity level', 'Dietary habits']",True,True,mixtral-8x22b-instruct,llama3-8b,health,"The text describes the simultaneous occurrence of a sedentary lifestyle (low physical activity level) and a high-salt diet, which are both causal variables."
Regular exercise and balanced diet,"['Physical activity level', 'Dietary habits']",True,True,mixtral-8x22b-instruct,llama3-8b,health,"The text describes the simultaneous occurrence of regular exercise (high physical activity level) and a balanced diet, which is an interaction value."
Active social life and mental well-being,"['Social engagement', 'Mental health status']",True,True,mixtral-8x22b-instruct,llama3-8b,health,The text describes the simultaneous occurrence of high social engagement and good mental health status.
Adequate sleep and stress management,"['Sleep duration', 'Stress levels']",True,False,mixtral-8x22b-instruct,llama3-8b,health,"The text does not mention specific values for 'Sleep duration' and 'Stress levels', it only mentions the importance of adequate sleep and stress management. Therefore, it does not describe the simultaneous occurrence of different values of multiple causal variables."
Infrequent medical check-ups and poor medication adherence,"['Healthcare utilization', 'Medication adherence']",True,True,mixtral-8x22b-instruct,llama3-8b,health,The text describes the simultaneous occurrence of infrequent medical check-ups (different value of 'Healthcare utilization') and poor medication adherence (different value of 'Medication adherence').
Isolated lifestyle and poor mental health,"['Social engagement', 'Mental health status']",True,True,mixtral-8x22b-instruct,llama3-8b,health,"The text describes the simultaneous occurrence of low social engagement (isolated lifestyle) and poor mental health status, which is an interaction value."
Inadequate sleep and high stress,"['Sleep duration', 'Stress levels']",True,True,mixtral-8x22b-instruct,llama3-8b,health,"The text describes the simultaneous occurrence of inadequate sleep duration and high stress levels, which is an interaction value."
Overweight and poor nutrition,"['Body weight', 'Nutritional status']",True,True,mixtral-8x22b-instruct,llama3-8b,health,The text describes the simultaneous occurrence of overweight (a value of the 'Body weight' variable) and poor nutrition (a value of the 'Nutritional status' variable).
Healthy body weight and balanced nutrition,"['Body weight', 'Nutritional status']",True,True,mixtral-8x22b-instruct,llama3-8b,health,"The text describes the simultaneous occurrence of 'Healthy body weight' and 'Balanced nutrition', which corresponds to different values of the causal variables 'Body weight' and 'Nutritional status'."
Regular medical check-ups and medication adherence,"['Healthcare utilization', 'Medication adherence']",True,True,mixtral-8x22b-instruct,llama3-8b,health,"The text describes the simultaneous occurrence of regular medical check-ups and medication adherence, which are both causal variables. This indicates an interaction value."
Sedentary lifestyle and high-salt diet,"['Social engagement', 'Mental health status']",False,False,mixtral-8x22b-instruct,llama3-8b,health,"The text describes the presence of a sedentary lifestyle and a high-salt diet, which are related to physical health and nutrition. The variables 'Social engagement' and 'Mental health status' are not directly related to these factors, so the text does not belong to all causal variables."
Active social life and mental well-being,"['Healthcare utilization', 'Medication adherence']",False,False,mixtral-8x22b-instruct,llama3-8b,health,"The text does not describe the simultaneous occurrence of values of the causal variables 'Healthcare utilization' and 'Medication adherence'. The text only mentions the relationship between active social life and mental well-being, which is not related to the provided causal variables."
Adequate sleep and stress management,"['Physical activity level', 'Dietary habits']",False,False,mixtral-8x22b-instruct,llama3-8b,health,"The text does not mention 'Physical activity level' or 'Dietary habits', which are the provided causal variables. Instead, it mentions 'Adequate sleep' and 'stress management', which are not part of the provided variables."
Isolated lifestyle and poor mental health,"['Sleep duration', 'Stress levels']",False,False,mixtral-8x22b-instruct,llama3-8b,health,"The text does not mention sleep duration or stress levels, which are the causal variables provided. The text only mentions isolated lifestyle and poor mental health, which are not related to the provided variables."
Regular exercise and balanced diet,"['Sleep duration', 'Stress levels']",False,False,mixtral-8x22b-instruct,llama3-8b,health,"The text does not mention 'Sleep duration' and 'Stress levels', which are the provided causal variables. The text only talks about 'Regular exercise' and 'balanced diet', which are not related to the provided variables."
Adequate sleep and stress management,"['Healthcare utilization', 'Medication adherence']",False,False,mixtral-8x22b-instruct,llama3-8b,health,"The text does not mention any specific values or relationships between the variables 'Healthcare utilization' and 'Medication adherence'. It only mentions the importance of 'adequate sleep and stress management', which is a general recommendation for overall health, but does not provide any information about the causal variables provided."
Inadequate sleep and high stress,"['Social engagement', 'Mental health status']",False,False,mixtral-8x22b-instruct,llama3-8b,health,"The text only mentions 'inadequate sleep' and 'high stress', which are not related to the variables 'Social engagement' and 'Mental health status'. The text does not provide information about the values of these variables."
Overweight and poor nutrition,"['Body weight', 'Nutritional status']",False,True,mixtral-8x22b-instruct,llama3-8b,health,"The text describes the simultaneous occurrence of being overweight and having poor nutrition, which is an interaction between the variables 'Body weight' and 'Nutritional status'."
Active social life and mental well-being,"['Body weight', 'Nutritional status']",False,False,mixtral-8x22b-instruct,llama3-8b,health,"The text does not mention 'Body weight' or 'Nutritional status', which are the causal variables provided. The text only talks about the relationship between 'Active social life' and 'mental well-being', which is not related to the provided variables."
Regular exercise and balanced diet,"['Physical activity level', 'Dietary habits']",False,True,mixtral-8x22b-instruct,llama3-8b,health,"The text describes the simultaneous occurrence of regular exercise (high physical activity level) and a balanced diet, which is an interaction value."
Thermal oxidation with wet oxygen,"['Oxidation process', 'Oxidation environment']",True,True,mixtral-8x22b-instruct,llama3-8b,semiconductor manufacturing,"The text describes the simultaneous occurrence of thermal oxidation as the oxidation process and wet oxygen as the oxidation environment, indicating an interaction value."
Chemical vapor deposition with silane gas,"['Deposition process', 'Deposition gas']",True,True,mixtral-8x22b-instruct,llama3-8b,semiconductor manufacturing,"The text describes the deposition process and the gas used, which are both variables in the list."
Photolithography process with 193nm wavelength,"['Lithography process', 'Lithography wavelength']",True,True,mixtral-8x22b-instruct,llama3-8b,semiconductor manufacturing,"The text describes the simultaneous occurrence of the lithography process and wavelength, which are the causal variables provided."
Electroplating with copper,"['Plating process', 'Plating material']",True,True,mixtral-8x22b-instruct,llama3-8b,semiconductor manufacturing,"The text describes the simultaneous occurrence of the values 'Electroplating' for the 'Plating process' and 'Copper' for the 'Plating material', indicating an interaction value."
Metallization with aluminum,"['Metallization process', 'Metallization material']",True,True,mixtral-8x22b-instruct,llama3-8b,semiconductor manufacturing,The text describes the simultaneous occurrence of the values 'Metallization' for the 'Metallization process' variable and 'Aluminum' for the 'Metallization material' variable.
Physical vapor deposition with sputtering,"['Deposition process', 'Deposition method']",True,True,mixtral-8x22b-instruct,llama3-8b,semiconductor manufacturing,"The text describes a specific combination of deposition process (Physical vapor deposition) and deposition method (Sputtering), indicating an interaction value."
Rapid thermal annealing with inert gas,"['Annealing process', 'Annealing environment']",True,True,mixtral-8x22b-instruct,llama3-8b,semiconductor manufacturing,"The text describes the simultaneous occurrence of different values of both causal variables, 'Annealing process' and 'Annealing environment'. The text specifically mentions 'Rapid thermal annealing' as the annealing process and 'inert gas' as the annealing environment."
Ion implantation with boron ions,"['Ion implantation process', 'Ion implantation species']",True,True,mixtral-8x22b-instruct,llama3-8b,semiconductor manufacturing,"The text describes the simultaneous occurrence of the ion implantation process and the ion implantation species, which is boron ions."
Chemical mechanical planarization with silica slurry,"['Planarization process', 'Planarization slurry']",True,True,mixtral-8x22b-instruct,llama3-8b,semiconductor manufacturing,"The text describes the simultaneous occurrence of values for both causal variables, 'Planarization process' and 'Planarization slurry', specifically mentioning 'Chemical mechanical planarization' as the process and 'Silica' as the slurry."
Thermal oxidation with wet oxygen,"['Etching process', 'Etching gas']",False,False,mixtral-8x22b-instruct,llama3-8b,semiconductor manufacturing,"The text 'Thermal oxidation with wet oxygen' does not mention 'Etching process' or 'Etching gas', which are the provided causal variables. Therefore, it does not belong to all causal variables and is not an interaction value."
Chemical vapor deposition with silane gas,"['Planarization process', 'Planarization slurry']",False,False,mixtral-8x22b-instruct,llama3-8b,semiconductor manufacturing,"The text does not mention the planarization process or planarization slurry, which are the provided causal variables. Instead, it describes a chemical vapor deposition process using silane gas, which is a different topic."
