Text1,Text2,Generated Same Causal Variable,Predicted Same Causal Variable,Generated Variable Name,Predicted Variable Name,Data Generation Model,Prediction Model,Domain,Explanation
Smart Growth Initiative,Zoning Regulation,True,False,Urban Planning Policy,,llama3-70b,mistral-7b-instruct,urban studies,"Although Smart Growth Initiative and Zoning Regulation are related concepts in urban studies, they do not represent the same causal variable. Smart Growth Initiative is a comprehensive approach to urban planning that encourages sustainable development, while Zoning Regulation is a specific tool used within this approach to manage land use and building development."
Recreational Space,Commercial Hub,True,False,Land Use Pattern,,llama3-70b,mistral-7b-instruct,urban studies,"Although both 'Recreational Space' and 'Commercial Hub' can influence each other in urban studies, they represent different causal variables. Recreational Space refers to areas designed for leisure activities, relaxation, and social interaction, while Commercial Hub refers to areas with a concentration of commercial activities, such as shops, offices, and markets."
Post-War Bungalow,Historic Landmark,True,False,Building Architecture,,llama3-70b,mistral-7b-instruct,urban studies,"Although 'Post-War Bungalow' and 'Historic Landmark' may seem related, they do not refer to the same causal variable. A 'Post-War Bungalow' is a type of residential building constructed after World War II, while a 'Historic Landmark' is a building or site that has been designated as having historical or cultural significance. These concepts are related but distinct, and therefore, they do not represent the same causal variable."
Bike-Friendly Roads,Efficient Public Transit,True,False,Transportation Infrastructure,,llama3-70b,mistral-7b-instruct,urban studies,"The two texts describe different causal variables. 'Bike-Friendly Roads' is a causal variable related to transportation infrastructure that facilitates cycling, while 'Efficient Public Transit' is a causal variable related to the effectiveness and productivity of public transportation systems."
Art Deco Building,Post-War Bungalow,True,False,Building Architecture,,llama3-70b,mistral-7b-instruct,urban studies,"The two texts describe different types of buildings, hence they do not belong to the same causal variable. Art Deco Building refers to a specific architectural style, while Post-War Bungalow refers to a type of house built after World War II."
Public-Private Partnership,Decentralized Administration,True,False,Urban Governance,,llama3-70b,mistral-7b-instruct,urban studies,"Although Public-Private Partnerships and Decentralized Administration can be related concepts in urban studies, they do not represent the same causal variable. Public-Private Partnerships refer to a collaboration between the public and private sectors for delivering infrastructure projects or services. Decentralized Administration, on the other hand, refers to the distribution of power and decision-making authority from a central government to regional or local governments."
Green Space Oasis,Noise Pollution Hotspot,True,False,Environmental Quality,,llama3-70b,mistral-7b-instruct,urban studies,"The two texts describe different causal variables. 'Green Space Oasis' refers to a place with abundant vegetation and a pleasant environment, while 'Noise Pollution Hotspot' refers to a location with high levels of noise pollution."
Historic Museum Quarter,Lively Nightlife Scene,True,False,Cultural Amenities,,llama3-70b,mistral-7b-instruct,urban studies,"The two texts describe different causal variables. The first text refers to a Historic Museum Quarter, which is a place where museums and historical sites are located. The second text refers to a Lively Nightlife Scene, which is an entirely different concept."
Noise Pollution Hotspot,Toxic Waste Site,True,False,Environmental Quality,,llama3-70b,mistral-7b-instruct,urban studies,"The two texts describe different causal variables. Noise Pollution Hotspot refers to a location with high levels of noise pollution, while Toxic Waste Site refers to a location with hazardous waste."
Family-Oriented Neighborhood,Student Quarter,True,False,Neighborhood Demographics,,llama3-70b,mistral-7b-instruct,urban studies,"The two texts describe different types of neighborhoods. A 'Family-Oriented Neighborhood' typically refers to a community where families with children live, and there is a strong sense of community and safety. A 'Student Quarter', on the other hand, is a neighborhood with a high student population, often characterized by a lively social scene and a transient population."
Disaster-Prone Region,Zoning Regulation,False,False,,,llama3-70b,mistral-7b-instruct,urban studies,"The two texts describe different causal variables. 'Disaster-Prone Region' refers to a geographical area that is susceptible to natural disasters, while 'Zoning Regulation' refers to the laws and regulations that control the use of land in a particular area."
Police Patrol Zone,Commercial Hub,False,False,,,llama3-70b,mistral-7b-instruct,urban studies,"The two texts describe different concepts. 'Police Patrol Zone' refers to an area where law enforcement officers are stationed to maintain order and enforce the law. 'Commercial Hub', on the other hand, refers to a central area of a city where businesses and commercial activity are concentrated. While there may be some overlap in certain urban contexts, these are not the same causal variable."
Police Patrol Zone,Historic Landmark,False,False,,,llama3-70b,mistral-7b-instruct,urban studies,"The two texts describe different causal variables. 'Police Patrol Zone' is a variable related to law enforcement and public safety, while 'Historic Landmark' is a variable related to history and preservation."
Recreational Space,Efficient Public Transit,False,False,,,llama3-70b,mistral-7b-instruct,urban studies,"The two texts describe different causal variables. Recreational Space refers to areas designed for leisure activities, while Efficient Public Transit refers to the ability of a public transportation system to move large numbers of people in a city in a relatively short amount of time."
Financial Hub,Post-War Bungalow,False,False,,,llama3-70b,mistral-7b-instruct,urban studies,"The two texts do not describe the same causal variable. 'Financial Hub' refers to a central location for financial activity, while 'Post-War Bungalow' refers to a type of residential dwelling built after World War II."
Art Deco Building,Decentralized Administration,False,False,,,llama3-70b,mistral-7b-instruct,urban studies,"The two texts describe different concepts. 'Art Deco Building' refers to a specific architectural style, while 'Decentralized Administration' refers to a political structure."
Student Quarter,Noise Pollution Hotspot,False,False,,,llama3-70b,mistral-7b-instruct,urban studies,"The two texts describe different causal variables. The first text 'Student Quarter' refers to a geographical area where students live, while the second text 'Noise Pollution Hotspot' refers to a location with high levels of noise pollution."
Retiree Enclave,Commercial Hub,False,False,,,llama3-70b,mistral-7b-instruct,urban studies,"The two texts describe different causal variables. A Retiree Enclave refers to a community or area where retirees live, often with amenities and services catering to their needs. A Commercial Hub, on the other hand, refers to a central area of a city where businesses and offices are concentrated."
Toxic Waste Site,Lively Nightlife Scene,False,False,,,llama3-70b,mistral-7b-instruct,urban studies,"The two texts describe different causal variables. A 'Toxic Waste Site' is a location where hazardous waste has been disposed of, posing potential health and environmental risks. 'Lively Nightlife Scene', on the other hand, refers to an area with a vibrant social scene, typically characterized by bars, restaurants, and entertainment venues."
Waterway Access,Emergency Response Hub,False,False,,,llama3-70b,mistral-7b-instruct,urban studies,"Although both texts seem related to urban studies, they do not describe the same causal variable. Waterway Access refers to the availability and accessibility of waterways for transportation, commerce, or recreation. Emergency Response Hub, on the other hand, refers to a central location where emergency services are coordinated and dispatched from."
Solenoid Coil,Bar Magnet,True,False,Magnetic Field,,llama3-70b,mistral-7b-instruct,physics,"Solenoid Coil and Bar Magnet are not the same causal variable. A Solenoid Coil is an electrical component that converts electrical energy into mechanical energy, typically used to open or close a valve. A Bar Magnet, on the other hand, is a permanent magnet in the shape of a bar, used to create a magnetic field."
Fiberglass,Reflective Insulation,True,False,Thermal Insulator,,llama3-70b,mistral-7b-instruct,physics,"Although Fiberglass and Reflective Insulation can be related in certain contexts, such as insulation materials, they are not the same causal variable. Fiberglass is a specific type of insulation material, while Reflective Insulation is a type of insulation that reflects heat. Therefore, they represent different causal variables in the domain of insulation."
Fixed Axis,Ideal Rigid Body,True,False,Kinematic Constraint,,llama3-70b,mistral-7b-instruct,physics,"The terms 'Fixed Axis' and 'Ideal Rigid Body' do not refer to the same causal variable. A 'Fixed Axis' is a concept in mechanics, specifically in rotational motion, where an axis remains stationary while the body rotates around it. An 'Ideal Rigid Body', on the other hand, is a concept in physics, referring to a body that does not deform when subjected to external forces. These are distinct concepts and do not represent the same causal variable."
Styrofoam,Vacuum Flask,True,False,Thermal Insulator,,llama3-70b,mistral-7b-instruct,physics,"Styrofoam and Vacuum Flask describe different causal variables. Styrofoam is a type of material, specifically a type of extruded polystyrene foam, while a Vacuum Flask is a type of thermal insulation container. They do not describe the same causal variable."
Vacuum Flask,Ceramic Fiber,True,False,Thermal Insulator,,llama3-70b,mistral-7b-instruct,physics,"The two texts describe different concepts. A vacuum flask is a type of thermal insulator, while ceramic fiber is a type of material. They do not refer to the same causal variable."
Prism,Water,True,False,Optical Medium,,llama3-70b,mistral-7b-instruct,physics,"The two texts describe different entities. Prism is an object, while Water is a substance."
Heat Engine,Refrigerator,True,False,Thermodynamic System,,llama3-70b,mistral-7b-instruct,physics,"Heat Engine and Refrigerator are not the same causal variable. A Heat Engine is a machine that converts thermal energy into mechanical energy. A Refrigerator, on the other hand, is a machine that removes heat from a space to maintain a lower temperature."
X-Ray Tube,Laser Diode,True,False,Radiation Source,,llama3-70b,mistral-7b-instruct,physics,"X-Ray Tube and Laser Diode are not the same causal variable. An X-Ray Tube is an electronic vacuum tube that produces X-rays when an electric current passes through it, while a Laser Diode is a semiconductor device that converts electrical energy into coherent light. They serve different purposes and operate based on different physical principles."
Tidal Force,Gravitational Wave,True,False,Gravitational Field,,llama3-70b,mistral-7b-instruct,physics,"Although tidal forces and gravitational waves are related phenomena in physics, they are not the same causal variable. Tidal forces refer to the pulling and pushing forces exerted by one body on another due to the presence of a gravitational field. Gravitational waves, on the other hand, are ripples in spacetime caused by the acceleration of massive objects, such as merging neutron stars or black holes."
Tidal Force,Black Hole,True,False,Gravitational Field,,llama3-70b,mistral-7b-instruct,physics,"Tidal force and black hole are related concepts in physics, but they do not represent the same causal variable. Tidal force refers to the differential gravitational force acting on two bodies in close proximity to each other, while a black hole is a massive, dense, and extremely powerful celestial object with immense gravitational pull. Although tidal force can be a consequence of the presence of a black hole, it is not the same causal variable as a black hole."
Vibrating Diaphragm,Bar Magnet,False,False,,,llama3-70b,mistral-7b-instruct,physics,"The two texts describe different physical entities. A vibrating diaphragm is a mechanical component that moves back and forth, often used in speakers or engines. A bar magnet is a type of magnet with a uniformly magnetized body in the shape of a bar. They do not represent the same causal variable."
Prism,Reflective Insulation,False,False,,,llama3-70b,mistral-7b-instruct,physics,"The two texts describe different concepts. Prism is an optical element that refracts light, while Reflective Insulation is a building material that reflects heat."
Air,Ideal Rigid Body,False,False,,,llama3-70b,mistral-7b-instruct,physics,"Air and Ideal Rigid Body are not the same causal variable. Air is a substance, specifically a mixture of gases, while an Ideal Rigid Body is a physical model used in mechanics to simplify the analysis of rigid bodies."
Gold Plating,Vacuum Flask,False,False,,,llama3-70b,mistral-7b-instruct,physics,"Gold plating and vacuum flask are not the same causal variable. Gold plating is a process of coating a surface with a thin layer of gold for various purposes such as improving electrical conductivity or enhancing the appearance. A vacuum flask, on the other hand, is a type of thermal insulation container used to keep substances at a constant temperature."
Gold Plating,Ideal Gas,False,False,,,llama3-70b,mistral-7b-instruct,physics,"Gold plating and ideal gas are not the same causal variable. Gold plating is a process of coating a surface with a thin layer of gold, typically for decorative or protective purposes. Ideal gas, on the other hand, is a theoretical construct used in physics to describe a gas at low pressure and high temperature, where the particles do not interact with each other. They belong to different domains and do not represent the same causal variable."
Guitar String,Ceramic Fiber,False,False,,,llama3-70b,mistral-7b-instruct,physics,"Guitar String and Ceramic Fiber are not the same causal variable. Guitar strings are used to produce sound in musical instruments, while ceramic fiber is a type of insulation material."
Laser Diode,Water,False,False,,,llama3-70b,mistral-7b-instruct,physics,"Laser Diode and Water are not the same causal variable. Laser Diode is a device that converts electrical energy into coherent light, while Water is a chemical compound that is essential for all forms of life."
Radio Wave,Refrigerator,False,False,,,llama3-70b,mistral-7b-instruct,physics,"The two texts describe different concepts. Radio waves are a form of electromagnetic radiation, while a refrigerator is a household appliance used to cool and preserve food."
Ceramic Fiber,Laser Diode,False,False,,,llama3-70b,mistral-7b-instruct,physics,"Ceramic Fiber and Laser Diode are not the same causal variable. Ceramic Fiber is a material used in various applications including insulation, filtration, and reinforcement. Laser Diode, on the other hand, is an optoelectronic device that converts electrical energy into coherent light. They belong to different domains and do not represent the same causal variable."
Prism,Gravitational Wave,False,False,,,llama3-70b,mistral-7b-instruct,physics,"The two texts describe different causal variables. Prism is a device used to refract light, while Gravitational Wave is a disturbance in the fabric of spacetime caused by the acceleration of massive objects."
Sleepwalker,Nap Lover,True,False,Sleep Pattern,,llama3-70b,mistral-7b-instruct,health,"The two texts do not describe the same causal variable. A Sleepwalker is a person who walks or performs other complex behaviors while asleep, whereas a Nap Lover is someone who enjoys taking naps."
Athletic Build,Underweight,True,False,Body Mass Index,,llama3-70b,mistral-7b-instruct,health,"The two texts describe different causal variables. 'Athletic Build' refers to a healthy and muscular body, while 'Underweight' refers to a body weight that is significantly lower than what is considered normal or healthy for a particular height, age, sex, or frame size."
Flexitarian,Omnivore,True,False,Diet Type,,llama3-70b,mistral-7b-instruct,health,"Flexitarian and Omnivore refer to different dietary patterns. A Flexitarian diet allows for consumption of meat, but in smaller quantities than a typical omnivore diet. Therefore, they do not represent the same causal variable."
Factory Worker,Office Worker,True,False,Occupational Hazards,,llama3-70b,mistral-7b-instruct,health,"The two texts describe different types of workers, and it is unlikely that they refer to the same causal variable. Factory Workers and Office Workers belong to different occupational categories."
Office Worker,Farmer,True,False,Occupational Hazards,,llama3-70b,mistral-7b-instruct,health,The two texts describe different types of occupations and do not refer to the same causal variable.
Obese,Underweight,True,False,Body Mass Index,,llama3-70b,mistral-7b-instruct,health,"Obese and Underweight are not the same causal variable. Obesity refers to having excess body weight, while Underweight refers to having a weight lower than what is considered normal or healthy for a particular height, age, and sex."
Factory Worker,Construction Worker,True,False,Occupational Hazards,,llama3-70b,mistral-7b-instruct,health,"Both texts describe different types of workers. Factory Worker and Construction Worker belong to different occupational categories. Therefore, they do not represent the same causal variable."
Firefighter,Healthcare Professional,True,False,Occupational Hazards,,llama3-70b,mistral-7b-instruct,health,"Firefighter and Healthcare Professional are not the same causal variable. Firefighter refers to a person who fights fires, while Healthcare Professional refers to a person who provides healthcare services."
Healthcare Professional,Factory Worker,True,False,Occupational Hazards,,llama3-70b,mistral-7b-instruct,health,"The two texts describe different types of occupations and do not refer to the same causal variable. A healthcare professional is someone who provides healthcare services, while a factory worker is an employee who works in a factory."
Vegetarian,Pescatarian,True,False,Diet Type,,llama3-70b,mistral-7b-instruct,health,"Although 'Vegetarian' and 'Pescatarian' are related to dietary choices, they do not represent the same causal variable. A 'Vegetarian' is someone who does not consume meat, while a 'Pescatarian' is someone who does not consume meat but eats fish."
Prescription Follower,Nap Lover,False,False,,,llama3-70b,mistral-7b-instruct,health,"The two texts do not describe the same causal variable. 'Prescription Follower' refers to an individual who adheres to their prescribed medication regimen, while 'Nap Lover' refers to someone who enjoys taking naps."
Factory Worker,Underweight,False,False,,,llama3-70b,mistral-7b-instruct,health,"The first text 'Factory Worker' refers to a job title or occupation, while the second text 'Underweight' refers to a health condition. They do not describe the same causal variable."
Dose Adjuster,Omnivore,False,False,,,llama3-70b,mistral-7b-instruct,health,"The two texts describe different concepts. 'Dose Adjuster' refers to a medical device or process used to adjust medication dosages, while 'Omnivore' refers to an organism that eats food from various sources."
Flexitarian,Mountain Dweller,False,False,,,llama3-70b,mistral-7b-instruct,health,"The two texts do not describe the same causal variable. 'Flexitarian' refers to a person who follows a mostly vegetarian diet but occasionally eats meat, while 'Mountain Dweller' refers to someone who lives in the mountains."
Chain Smoker,Office Worker,False,False,,,llama3-70b,mistral-7b-instruct,health,"The two texts describe different variables. 'Chain Smoker' refers to a person who regularly smokes cigarettes, while 'Office Worker' refers to someone who works in an office environment."
Non Smoker,Farmer,False,False,,,llama3-70b,mistral-7b-instruct,health,"The two texts describe different causal variables. 'Non Smoker' is a behavior or status, while 'Farmer' is an occupation."
Prescription Follower,Underweight,False,False,,,llama3-70b,mistral-7b-instruct,health,"The first text 'Prescription Follower' refers to a person who adheres to their prescribed medication regimen. This is not the same causal variable as 'Underweight', which refers to a person having a body weight lower than what is considered normal or healthy for their age, sex, and height."
Healthy Family,Construction Worker,False,False,,,llama3-70b,mistral-7b-instruct,health,"The two texts describe different causal variables. 'Healthy Family' is a causal variable related to health outcomes, while 'Construction Worker' is a causal variable related to occupation."
Light Sleeper,Healthcare Professional,False,False,,,llama3-70b,mistral-7b-instruct,health,"The two texts do not describe the same causal variable. A 'Light Sleeper' refers to an individual who experiences a shorter total sleep time than average, while a 'Healthcare Professional' is a person who provides healthcare services. These concepts are not directly related to the same causal variable."
Desert Resident,Factory Worker,False,False,,,llama3-70b,mistral-7b-instruct,health,The two texts describe different causal variables. A 'Desert Resident' and 'Factory Worker' belong to different domains and do not represent the same causal variable.
Deep Ultraviolet,Extreme Ultraviolet,True,False,Lithography Wavelength,,llama3-70b,mistral-7b-instruct,semiconductor manufacturing,"Although 'Deep Ultraviolet' and 'Extreme Ultraviolet' are related concepts in the electromagnetic spectrum, they are not exactly the same causal variable. 'Deep Ultraviolet' refers to the part of the ultraviolet spectrum with wavelengths between approximately 200 and 300 nanometers, while 'Extreme Ultraviolet' refers to the part of the ultraviolet spectrum with wavelengths shorter than 10 nanometers. Therefore, they represent different parts of the ultraviolet spectrum and should not be considered the same causal variable."
Silicon Carbide,Silicon on Insulator,True,False,Type of Wafer Material,,llama3-70b,mistral-7b-instruct,semiconductor manufacturing,"Although both texts refer to semiconductor materials, they do not describe the same causal variable. Silicon Carbide and Silicon on Insulator are different types of semiconductor materials with distinct properties and applications."
High-K Dielectric,Silicon Nitride,True,False,Dielectric Material Used,,llama3-70b,mistral-7b-instruct,semiconductor manufacturing,"High-K Dielectric and Silicon Nitride are different materials used in semiconductor manufacturing. High-K Dielectric is a type of insulator with a high dielectric constant, while Silicon Nitride is a thin film material used for various purposes such as passivation, stress relief, and as a gate dielectric in some cases. They do not represent the same causal variable."
Flip Chip,System-in-Package,True,False,Packaging Technology,,llama3-70b,mistral-7b-instruct,semiconductor manufacturing,"Although Flip Chip and System-in-Package are related to semiconductor manufacturing, they do not refer to the same causal variable. Flip Chip is a type of semiconductor packaging technology, while System-in-Package (SiP) is a packaging technology that integrates entire systems onto a single chip."
Nanowire,Gate-All-Around,True,False,Pattern of Transistor Gate,,llama3-70b,mistral-7b-instruct,semiconductor manufacturing,"The two texts refer to different concepts. 'Nanowire' refers to a thin filament of material, typically used in nanotechnology. 'Gate-All-Around' is a transistor design where the gate material surrounds the channel region of the transistor. While the two concepts can be related in certain contexts, they do not describe the same causal variable."
Silicon Dioxide,Low-K Dielectric,True,False,Dielectric Material Used,,llama3-70b,mistral-7b-instruct,semiconductor manufacturing,"Although Silicon Dioxide and Low-K Dielectric are related concepts in semiconductor manufacturing, they do not represent the same causal variable. Silicon Dioxide is a material used as a gate insulator and a protective layer in semiconductor devices, while Low-K Dielectric refers to a type of insulator material with a lower dielectric constant than Silicon Dioxide, which is used to reduce the capacitance between the metal interconnects and the semiconductor substrate."
Gold,Tungsten,True,False,Type of Interconnect Metal,,llama3-70b,mistral-7b-instruct,semiconductor manufacturing,The two texts describe different elements and do not belong to the same causal variable. Gold and Tungsten are different elements in the periodic table.
Low-K Dielectric,High-K Dielectric,True,False,Dielectric Material Used,,llama3-70b,mistral-7b-instruct,semiconductor manufacturing,"Both texts refer to different types of dielectrics. Low-K Dielectric has a low dielectric constant, while High-K Dielectric has a high dielectric constant. They are not the same causal variable."
Dry Etching,Plasma Etching,True,False,Type of Etching Process,,llama3-70b,mistral-7b-instruct,semiconductor manufacturing,"Although Dry Etching and Plasma Etching are related processes in semiconductor manufacturing, they do not represent the same causal variable. Dry Etching refers to a process that uses a gas plasma to remove material without the use of a liquid solvent. Plasma Etching, on the other hand, is a specific type of Dry Etching where the plasma is used as the etchant. Therefore, they are related but distinct causal variables."
KrF Excimer Laser,Argon Fluoride,True,False,Lithography Wavelength,,llama3-70b,mistral-7b-instruct,semiconductor manufacturing,"The two texts describe different concepts. The first text refers to a specific type of laser (KrF Excimer Laser), while the second text refers to a specific gas mixture (Argon Fluoride). They do not describe the same causal variable."
System-in-Package,Extreme Ultraviolet,False,False,,,llama3-70b,mistral-7b-instruct,semiconductor manufacturing,"The two texts do not describe the same causal variable. 'System-in-Package' likely refers to a system or component within a package or container. 'Extreme Ultraviolet', on the other hand, is a type of electromagnetic radiation."
Wet Etching,Silicon on Insulator,False,False,,,llama3-70b,mistral-7b-instruct,semiconductor manufacturing,"Wet Etching and Silicon on Insulator are not the same causal variable. Wet Etching is a process used in semiconductor manufacturing to remove material from a wafer, while Silicon on Insulator is a type of semiconductor structure where a thin layer of silicon is placed on an insulating layer."
Wire Bonding,Silicon Dioxide,False,False,,,llama3-70b,mistral-7b-instruct,semiconductor manufacturing,"Wire Bonding and Silicon Dioxide are not the same causal variable. Wire Bonding is a process used to make a reliable electrical connection between an integrated circuit (IC) or other semiconductor device and its packaging. Silicon Dioxide, on the other hand, is a chemical compound used extensively in microelectronics as a semiconductor material, an insulator, and a protective coating."
Chemical Vapor Deposition,Silicon Nitride,False,False,,,llama3-70b,mistral-7b-instruct,semiconductor manufacturing,"The first text 'Chemical Vapor Deposition' refers to a deposition technique, while the second text 'Silicon Nitride' refers to a specific material. They do not describe the same causal variable."
Deep Ultraviolet,System-in-Package,False,False,,,llama3-70b,mistral-7b-instruct,semiconductor manufacturing,"Deep Ultraviolet and System-in-Package are not the same causal variable. Deep Ultraviolet refers to a specific wavelength of light, while System-in-Package refers to a semiconductor technology where the entire system is integrated into a single package."
Copper,Gate-All-Around,False,False,,,llama3-70b,mistral-7b-instruct,semiconductor manufacturing,The first text 'Copper' refers to a specific material used in semiconductor manufacturing. The second text 'Gate-All-Around' refers to a transistor design where the gate material surrounds the channel region. These are different concepts and do not represent the same causal variable.
